:020000040800F2
:10000000905B00205D02000887390008672800081F
:1000100085390008C50E00081154000800000000D2
:100020000000000000000000000000009D0100082A
:10003000C70E000800000000F9010008E94D0008A3
:1000400077020008770200087702000877020008AC
:10005000770200087702000877020008770200089C
:10006000770200087702000877020008770200088C
:10007000770200087702000877020008770200087C
:10008000770200087702000877020008770200086C
:10009000770200087702000877020008770200085C
:1000A000770200087702000877020008770200084C
:1000B000A94E0008770200087702000877020008BE
:1000C000770200087702000877020008770200082C
:1000D0007702000877020008F95300080554000869
:1000E000770200087702000877020008770200080C
:1000F00077020008770200087702000877020008FC
:1001000077020008770200087702000877020008EB
:100110007702000819510008B54E00087702000860
:1001200077020008770200087702000877020008CB
:1001300077020008770200087702000877020008BB
:1001400077020008770200087702000877020008AB
:10015000770200087702000877020008770200089B
:10016000770200087702000877020008770200088B
:1001700077020008770200087702000800000000FC
:100180007702000877020008DFF80CD000F08CFC42
:100190000048004755760008905B00202C4B1968FA
:1001A0000868B0E8F04F80F30988BFF36F8F4FF015
:1001B000000080F3118870470000000008480068C4
:1001C000006880F308884FF0000080F3148862B65E
:1001D00061B6BFF34F8FBFF36F8F00DF00BF00BF6B
:1001E00008ED00E0DFF80C00016841F470010160E7
:1001F000704700BF88ED00E0EFF30980BFF36F8F19
:10020000134B1A681EF0100F08BF20ED108A20E96A
:10021000F04F106009B44FF0500080F31188BFF325
:100220004F8FBFF36F8F08F033FD4FF0000080F366
:10023000118809BC19680868B0E8F04F1EF0100F6B
:1002400008BFB0EC108A80F30988BFF36F8F704746
:10025000B4000020EFF30580704700000648804797
:1002600006480047FEE7FEE7FEE7FEE7FEE7FEE79B
:10027000FEE7FEE7FEE7FEE7994E00088901000869
:100280002DE9F05F0546002092469B4688460646CB
:10029000814640241BE0284641464746224600F05E
:1002A0001EFB53465A46C01A914110D311461846B8
:1002B000224600F005FB2D1A67EB01084F46224647
:1002C0000120002100F0FCFA17EB00094E41201E2E
:1002D000A4F10104DFDC484631462A464346BDE826
:1002E000F09F2DE9F0410024061B254671F1000620
:1002F00005DA01240027D0EB070067EB0101161E89
:1003000073F1000605DA0027D2EB0702012567EB3F
:100310000303FFF7B5FF86460E4617469C46AC42E0
:1003200004D00025D0EB050E65EB010624B10020BA
:10033000D2EB000760EB030C704631463A46634649
:10034000BDE8F081A0F14101192900D820307047A3
:100350000649074A0868504343F2390210440860CE
:10036000400870470149086070470000C001002044
:100370006D4EC64140EA01039B0703D009E008C95E
:10038000121F08C0042AFAD203E011F8013B00F85A
:10039000013B521EF9D27047D2B201E000F8012BA6
:1003A000491EFBD270470022F6E710B513460A46F5
:1003B00004461946FFF7F0FF204610BD30B505464C
:1003C0002A460B4612F8010B13F8014B08B1A04264
:1003D000F8D01CB1002802D06D1CF1E7284630BDD2
:1003E000CAB2401E10F8011F8A4202D00029F9D17A
:1003F00000207047421C10F8011B0029FBD1801A15
:10040000704710B5044600E0401C0378002BFBD178
:1004100000E0401C521E04D311F8013B0370002B76
:10042000F7D100210170204610BD30B505460020EF
:10043000034600E05B1C934205D2EC5CC85C201ACA
:1004400001D1002CF6D130BD2DE9FE4F804681EA66
:100450000300C00F0C46009021F0004123F000453E
:10046000B8EB0200A94105D24046214690461C4601
:100470000B46024623F00040104347D0270DC7F338
:100480000A00C3F30A510290401A019040286BDA27
:10049000C3F3130040F4801B0098924620B1002360
:1004A000D2EB030A63EB0B0B01985946C0F14002F3
:1004B000504600F005FA06460D4650465946019A48
:1004C00000F01DFA10EB08006141002487EA115288
:1004D00084EAE7731A4340D0009A62B3019A012A72
:1004E0004FEA075215DC001B61EB02014FF000429E
:1004F00002EA0752CDE90042001C41F58011324664
:100500002B4600F054FA03B0BDE8F08F4046214678
:10051000F9E7001B61EB0201001C41F58013001894
:100520005B412018A2F5001747EB030140EAD570A4
:10053000B6196D4111E06D084FEA360645EAC075FF
:100540004FEA0752001B61EB0201001C41F58011CC
:1005500049084FEA30000019514132462B4603B09A
:10056000BDE8F04F00F014BA0098012240000023CB
:10057000D0EB020263EBE073009821464FEAE0748F
:10058000B8EB000061EB0401E9E783F000435BE7AF
:1005900081F0004158E72DE9FE4F81EA030404F0A1
:1005A000004421F0004100944FF0000B23F0004381
:1005B00050EA01045ED052EA03045BD0C3F30A544C
:1005C000C1F30A552C44A4F2F3340194A0FB025465
:1005D000C1F3130141F48011C3F3130343F48013F7
:1005E00001FB024400FB034E840A970A44EA81544B
:1005F00047EA8357A4FB076802958D0A05FB078528
:100600004FEA932C04FB0C542705029D4FEA065831
:1006100047EA1637B5EB08056EEB070C870E920E0E
:1006200047EA811742EA8312A7FB0201B6EB0B01EE
:1006300064EB00042B0D43EA0C335E1844EB1C50B2
:10064000DA465146E7FB0201C5F313044FEA0B33C8
:1006500043EA14534FEA0432019C43EA0603A4F12F
:100660000C040294009CCDE900B400F0A0F903B0A2
:10067000BDE8F08F00200146F9E72DE9F04D81EA51
:10068000030404F0004B21F0004514464FF0000A2B
:1006900023F0004150EA050220D054EA01021DD0A7
:1006A000C5F30A570246C5F31303C1F31300C1F3A0
:1006B0000A5640F4801543F48013A7EB0608101B7C
:1006C000D64608F2FD3873EB050002D308F10108A5
:1006D00001E092185B41B8F1000F03DA00200146F7
:1006E000BDE8F08D00204FF48011064684460EE0F0
:1006F000171B73EB050705D3121B63EB05030643BA
:100700004CEA010C49084FEA300092185B4150EA6C
:100710000107EDD152EA030012D082EA040083EA15
:100720000501084305D0101BAB4106D2012200236E
:1007300006E000224FF0004302E06FF00102531088
:100740001AEB06004CEB085110EB0A0041EB0B01D1
:10075000BDE8F04D00F01CB90EB5C10F80EAE070A5
:100760000844CA07002140F233438DE80E000A46D0
:100770000B4600F01CF903B000BD0EB540F233414A
:1007800002910021CDE900110A460B4600F00FF955
:1007900003B000BD70B5C1F30A5201F0004500245A
:1007A000C1F3130140F2FF3341F480119A4201DAA0
:1007B000002070BD40F233439A42A2F2334203DC80
:1007C000524200F08CF800E090402C43F1D04042BF
:1007D00070BDC1F30A5210B5C1F3130140F2FF33EB
:1007E00041F480119A4201DA002010BD40F23343F7
:1007F0009A42A2F2334203DC524200F070F810BD7C
:10080000904010BD00F0004230F000400AD0C10D11
:1008100001F56071C0F3160042EA0151C2084007B9
:1008200011437047002001467047000030B5041E98
:1008300071F1000404DB4FF00044404264EB01011D
:10084000141E73F1000405DB1C464FF000435242B6
:1008500063EB0403994208BF904230BD01F00043AE
:1008600030B421F0004150EA010206D00A0DA2F591
:100870006072C1F31301002A02DC30BC0020704713
:10088000440F44EAC104C100E01830BC00EBC25080
:1008900000F047B830B50B46014600202022012465
:1008A00009E021FA02F59D4205D303FA02F5491B3E
:1008B00004FA02F52844151EA2F10102F1DC30BD54
:1008C000202A04DB203A00FA02F100207047914010
:1008D000C2F1200320FA03F3194390407047202A05
:1008E00004DB203A21FA02F00021704721FA02F3DA
:1008F000D040C2F120029140084319467047202A97
:1009000006DBCB17203A41FA02F043EAE07306E037
:1009100041FA02F3D040C2F1200291400843194647
:1009200070470029A8BF7047401C490008BF20F04D
:100930000100704710B4B0FA80FC00FA0CF050EAE5
:10094000010404BF10BC704749B1CCF1200421FA66
:1009500004F411FA0CF118BF012121430843A3EB61
:100960000C01CB1D4FEA00614FEA102042BF00206E
:1009700010BC704700EBC35010440029A4BF10BC4A
:100980007047401C490008BF20F0010010BC7047B0
:1009900010B5141E73F1000408DA401C41F1000187
:1009A00092185B411A4301D120F0010010BD2DE9DE
:1009B000F04D92469B4611B1B1FA81F202E0B0FAD5
:1009C00080F220329046FFF77BFF04460F4640EA54
:1009D0000A0041EA0B0153465A46084313D0114618
:1009E00053EA010019D0C8F140025046FFF777FFE3
:1009F00005460E46504659464246FFF761FF0843FA
:100A000005D0012004E020463946BDE8F08D0020E5
:100A1000054346EAE0762C4337430A986305E40A27
:100A2000A0EB08000022FD0A44EA47540A3002D530
:100A300000200146E9E7010510196941DDE9084593
:100A400000196941BDE8F04DA2E770B521F00043FF
:100A500003430CD0C1F30A550024D5EB040564EB25
:100A60000403D617AD1AB34102DB0020014670BD66
:100A7000201841EB025170BDC1F30A52C1F31301BA
:100A800040F2FF3341F480119A4202DA002001461D
:100A9000704740F233439A42A2F2334202DC5242A0
:100AA000FFF71DBFFFF70CBF064C074D06E0E068DF
:100AB00040F0010394E8070098471034AC42F6D3A5
:100AC000FFF766FB409B0008609B00082DE9F04D96
:100AD00000231A461B1A8A4103DB00200146BDE8A9
:100AE000F08DC1F30A52C1F3130141F480154FF0A8
:100AF000000BD10702D100186D41521E0027044699
:100B000040F2FF11384601EB620A3E46804602463B
:100B100000204FF48011FFF7E2FEC2197141BB18AB
:100B200046EB0100B4EB030C75EB000C04D3E41AA4
:100B300065EB000517460E46241908F101006D41CA
:100B400080463428E3DDF91946EB0600091BA8416D
:100B500003D24FF0FF32134601E0002213461BEB95
:100B6000070046EB0A51BDE8F04DFFF711BF30B565
:100B70008C1810F8012B12F00F0301D110F8013B73
:100B8000120906D110F8012B03E010F8015B01F8FF
:100B9000015B5B1EF9D101E001F8013B521EFBD164
:100BA000A142E6D3002030BD2DE9F05F544C8346CE
:100BB0005449A069B4F91050C217411842F1FF30EE
:100BC000A1FB012300FB013301FB0038A2FB053729
:100BD000EE1708FB057502FB0659B4F90E504FF0ED
:100BE000000AA5FB017CEE1706FB01C605FB0065AC
:100BF0006E0446EAD7367F04FB1846EB09061AEB6B
:100C00000309B4F90A30B4F90C50A2FB037C46EB9B
:100C1000C5054FEAE37608FB03C302FB0632B4F9CD
:100C200008604FEA1723A6FB01C84FEAE67707FBE7
:100C3000018106FB00104FEA003143EA02634FEAEC
:100C40000C3041EA1C51181841EB2222001C42F5DD
:100C50000043E288A0FB027603FB026200FB0A204D
:100C60004210C31752EA030048D0CBF58010C117D9
:100C7000C907C60741EA5001B6EB090640F63547F9
:100C8000A6FB070C61EB050101FB07C1002506FB74
:100C90000511FFF726FBB4F91630420B42EAC142B8
:100CA000A3FB027CDD1705FB02C54E1303FB0653B5
:100CB000A7FB025C03FB02C207FB06236A0E42EAA3
:100CC000C3125D16B4F91430A3FB007CDE1706FBDB
:100CD00000C603FB0166FB0C801843EA46336941FA
:100CE000C01841EBE6414FEA102040EA0160B4F938
:100CF00012104FEA01114018BDE8F09F0020FBE7F9
:100D00004C530020000CFEFF2DE9FC4190460F469D
:100D100005466B460622F721772003F067FE9DF813
:100D200000009DF80110000340EA01109DF8021038
:100D3000404C40EA111666609DF803009DF80410CF
:100D4000000340EA01109DF8051040EA11103A49ED
:100D5000A060C2100B88B1F902C0A2EB4302C3EB42
:100D600020104043B1F9043002FB0CF20013D21200
:100D7000584302EBA030886100EB80008030001205
:100D8000FFF7EAFC9FED2D1B53EC112BFFF775FCD1
:100D9000FFF764FDE0603046FFF706FFFFF7EDFC6C
:100DA0009FED281B53EC112BFFF767FCFFF756FD57
:100DB0002061294604F1100007F070F894ED030A51
:100DC00087ED000AD5ED000AF5EEC00AF1EE10FA43
:100DD00026DD9FED1E1A81EE200A10EE100AFFF7A5
:100DE00011FD41EC100B9FED1A1B04F0B5FB9FEDBC
:100DF0001A1B51EC100B53EC112BFFF7C6FB9FEDA8
:100E0000181B53EC112BFFF7C6FB9FED171B53EC80
:100E1000112BFFF732FCFFF721FD00EE100A01E075
:100E20009FED130ADFED130A30EE200A88ED000A69
:100E3000BDE8FC81600100204C5300200000000050
:100E400000005940000000000000D940CDEC7D4476
:100E500028610C878A5AC83F000000000000F03F5C
:100E60000000006066A2724000000080BE9F7A3FD2
:100E700000000000008018431FB503AB0122D02101
:100E8000772003F0B3FD0E4B18228821772003F062
:100E9000ADFDB3208DF800006B460122F4217720D0
:100EA00003F0C4FD14208DF800006B460122F521EB
:100EB000772003F0BBFD9DF80C0004B010BD0000CE
:100EC0004C530020FEE7704700B5012000F017F8F2
:100ED000012000F014F801205DF804EB00F00FB8D9
:100EE00000B5012000F00BF8012000F008F8012007
:100EF00000F005F801205DF804EBAFF30080401E20
:100F0000FDD2704703480021C1800181642102485D
:100F1000FFF749BA40010020244D002010B50024FD
:100F200008210EA004F0CCFA16A118A000F0E6F9F2
:100F300080B1641CC4F1080120A004F0C1FA64204F
:100F400000F0EAFA082CEFDB082127A0BDE81040EA
:100F500004F0B6BA611C32A0F8E70000BFAACABC10
:100F6000C1ACBDD34F6E654E6574B7FECEF1C6F70A
:100F7000A3ACD7EEB4F3D6D8CAD42564B4CE2E2E03
:100F80002E0D0A00434F4E4E4543540041542B430F
:100F9000495053544152543D22544350222C226D07
:100FA000717474732E6865636C6F7564732E636FF0
:100FB0006D222C313838330D0A0000004F6E654E1B
:100FC0006574B7FECEF1C6F7C1ACBDD3CAA7B0DC1D
:100FD000A3ACCAA3D3E0D6D8CAD4B4CECAFDA3BAB0
:100FE00025640D0A00000000B4EDCEF3A3BA4F6EE5
:100FF000654E6574B7FECEF1C6F7C1ACBDD3D6D889
:10100000CAD42564B4CEBEF9CAA7B0DCA3ACD2D191
:10101000CDCBB3F6D6D8CAD4A3A10D0A00000000E8
:101020004F6E654E6574B7FECEF1C6F7C1ACBDD349
:10103000B3C9B9A6A3A1A3A8D6D8CAD4B4CECAFDB1
:10104000A3BA2564A3A90D0A0000000010B500246E
:101050000A2110A004F034FA16A118A000F04EF9ED
:1010600080B1641CC4F10A011DA004F029FA6420B7
:1010700000F052FA0A2CEFDBBDE810400A2121A053
:1010800004F01EBA611C2BA004F01AFA32490120A8
:10109000C86010BDBFAACABCC1ACBDD35769466900
:1010A000A3ACD7EEB4F3D6D8CAD42564B4CE2E2ED2
:1010B0002E0D0A00474F54204950000041542B4345
:1010C000574A41503D22434D43432D524442222C26
:1010D000223133353136333033393034220D0A0082
:1010E00057694669C1ACBDD3CAA7B0DCA3ACCAA3DB
:1010F000D3E0D6D8CAD4B4CECAFDA3BA25640D0AAB
:1011000000000000B4EDCEF3A3BA57694669C1AC44
:10111000BDD3D6D8CAD42564B4CEBEF9CAA7B0DC34
:10112000A3ACD2D1CDCBB3F6D6D8CAD4A3A10D0AE5
:101130000000000057694669C1ACBDD3B3C9B9A668
:10114000A3A1A3A8D6D8CAD4B4CECAFDA3BA256495
:10115000A3A90D0A000000004001002010B50446BC
:1011600000F06CF970B90CA10D48FFF727F930B108
:101170003A21FFF735F9002800D0401C10BD09A026
:1011800004F09EF9012000F0C7F9641E2404240C29
:10119000E6D1002010BD00004950442C00000000A2
:1011A000244D00202249504422206E6F7420666F27
:1011B000756E640D0A00000010B5044600F03EF99B
:1011C00050B90AA10B48FFF7F9F828B13A21FFF707
:1011D00007F908B1401C10BD0A2007F0A5FC641EE9
:1011E0002404240CEAD1002010BD00004950442CF6
:1011F00000000000244D002010B5FFF783FE1DA065
:1012000004F05EF902E0642000F086F91BA11CA046
:1012100000F074F80028F6D11BA004F051F902E0A8
:10122000642000F079F915A11AA000F067F80028F1
:10123000F6D11CA004F044F902E0642000F06CF93F
:101240000EA11CA000F05AF80028F6D11DA004F051
:1012500037F9FFF7FBFE1E48C068012809D11DA021
:1012600004F02EF9FFF75AFEBDE810401DA004F06F
:1012700027B910BD312E2041540D0A004F4B0000FC
:1012800041540D0A00000000322E2043574D4F44B8
:10129000450D0A0041542B43574D4F44453D310DF8
:1012A0000A000000332E2041542B4357444843503A
:1012B0000D0A000041542B4357444843503D312C04
:1012C000310D0A00342E2043574A41500D0A0000C8
:1012D00040010020352E2043495053544152540DB3
:1012E0000A000000362E2045535038323636204949
:1012F0006E6974204F4B0D0A0000000070B50E4659
:1013000005465024FFF776F882B20A2329460C4896
:1013100001F058FA0FE000BF00F090F840B93146F4
:101320000848FFF74BF818B1FFF7ECFD002070BD3F
:101330000A2000F0F1F8641EE4B2EDD2012070BD85
:10134000C0030020244D002030B589B00C4605466E
:10135000FFF7D8FD224609A1684604F0C1F80BA1A9
:101360006846FFF7CBFF002805D1642322462946B3
:10137000074801F027FA09B030BD000041542B4363
:10138000495053454E443D25640D0A003E0000007F
:10139000C0030020FFF730FF1F48204C00680128E1
:1013A0000CD007E0C82000F0B7F8A06B401CA06389
:1013B000052803D31AA004F083F803E002F0C4FE6A
:1013C0000028EFD115480121083003F0EFF9184E3D
:1013D0004FF400654FF4FA772946304600F0ABF938
:1013E0000120FFF7E9FEE06018B103F029F8FFF7EC
:1013F00089FD07F0F3FFE16B401AB84208D307F00C
:10140000EDFFE06301F0B0FB0A490B4802F0F4FF86
:10141000052007F089FBDFE74C0100200C000020CD
:10142000E8BF9EE68EA5E5A4B1E8B4A50D0A0000CC
:10143000000C0240D40100202C9700080648C18807
:1014400031B10289914205D10021C180084670471F
:10145000012070470181FBE74001002072B6FEE7E2
:101460002DE9F0410446876D00F072F9064694F8C4
:1014700035000025022806D08020606584F83450AD
:101480000120BDE8F0812068016821F016010160AB
:101490002068416921F080014161206C08B9A06C8D
:1014A00020B12068016821F008010160206801680E
:1014B00021F0010101600CE000F04AF9801B0528D1
:1014C00007D920206065032084F8350084F8345063
:1014D000D7E720680068C007EED194F85C103F2081
:1014E0008840B860012084F8350084F8345000202A
:1014F000C7E790F83510022903D08021416501200B
:101500007047052180F835100068016821F001015D
:10151000016000207047000070B5044600F018F923
:101520000546601C02D004480078044400F010F91D
:10153000401BA042FAD370BDA40000202DE9F84F53
:10154000DFF8BCA10022012503264FF00F090AF1A4
:10155000040BAAF1040E00BF0B6805FA02F4234045
:10156000A34270D10F7907F00307012F01D0022F9A
:1015700016D187684FEA420806FA08FC27EA0C07EA
:10158000D1F80CC00CFA08FC4CEA070CC0F808C0F3
:101590004768A7430C79C4F3001494403C4344606B
:1015A0000C79E443A4070AD0C4684FEA420C06FA57
:1015B0000CF7BC438F6807FA0CF72743C7600C7918
:1015C00004F00304022C12D1D40800EB840CDCF8E4
:1015D00020405707FF0E09FA07F824EA0804D1F85B
:1015E000108008FA07F848EA0408CCF8208004685C
:1015F0004FEA420C06FA0CF7BC430F7907F00307D9
:1016000007FA0CF7274307604C6814F4403F70D08A
:101610003C4C276847F480472760246822F0030782
:1016200004F480440094384C07EB040CDCF80848C0
:1016300097074FEA177809FA08F7BC43334FB842C7
:1016400002D1002724E054E0314FB84201D10127F4
:101650001EE0304FB84201D1022719E02E4FB842A8
:1016600001D1032714E02D4FB84201D104270FE028
:101670002B4FB84201D105270AE02A4FB84201D1C9
:10168000062705E0284FB84201D1072700E00827C8
:1016900007FA08F72743CCF80878DAF800405746ED
:1016A000D1F804C09C435FEACC2C00D51C433C60BD
:1016B000DBF800405F46D1F804C09C435FEA8C2C05
:1016C00000D51C433C60DEF800407746D1F804C0EA
:1016D0009C435FEA8C3C00D51C433C60084F083FAC
:1016E0003C68D1F804C09C435FEACC3C00D51C4365
:1016F0003C60521C102AFFF42FAFBDE8F88F0000A9
:10170000083C0140443802400030014000000240E3
:101710000004024000080240000C02400010024099
:101720000014024000180240001C024000690840FA
:1017300000D001207047426921EA02030A4043EACF
:101740000241816170470AB1816170470904FBE77A
:101750000148806870470000A400002002488168AA
:101760000278114481607047A40000200B4810B536
:10177000016841F400710160016841F48061016019
:10178000016841F480710160032000F09FF80F2090
:1017900000F006F800F050F8002010BD003C0240B8
:1017A00030B505461F4887B00024016841F010019C
:1017B0000160006806A900F01000009001A800F088
:1017C00031F90498A8B100F04DF940001649174AC4
:1017D000B0FBF1F11648491E026040F2E732C0E961
:1017E0000324C0E90114846100F08EFB040003D0DF
:1017F00015E000F037F9E9E70D4800F0CFFB0400F1
:101800000DD1362000F034F8102D07D200222946E1
:10181000362000F03BF80748056000E0012407B0DF
:10182000204630BD4038024040420F0000100040CA
:1018300008040020A80000200C4882B0016841F490
:1018400080410160006800F4804000900748001F5C
:10185000016841F0805101600068002200F0805072
:1018600000900F21901E02B000F010B844380240E2
:10187000002809DB00F01F0201219140400980008F
:1018800000F1E020C0F8001170470000F0B40E4BEA
:101890001B680C46C3F30223C3F10705042D00D9CE
:1018A0000425191D072901D2002300E0DB1E0126B3
:1018B00006FA05F1491E214099409E40761E1640C9
:1018C0003143F0BC03F038BE0CED00E0064900F0F7
:1018D000070208684FF6FF03184040EA0220034A57
:1018E00010430860704700000CED00E00000FA05AE
:1018F0002DE9F0470E46050065D0DFF81481D8F8D1
:101900000000F7B200F00700B04207D288F800707C
:10191000D8F8000000F00700B04254D128683D4CD0
:10192000810712D5400703D5206840F4E0502060BD
:101930002878000703D5206840F4604020602068C4
:10194000A96820F0F000084320602878C0072DD057
:10195000304968680839012812D0022813D00328BA
:1019600011D00968890700292DDA216821F00301C7
:1019700001432160FFF7ECFE814641F2883A0EE018
:1019800009688903EFE709688901ECE7FFF7E0FEE2
:10199000A0EB0901514502D90320BDE8F08720687A
:1019A000696800F00C00B0EB810FEFD1D8F800109F
:1019B000404601F00701B14207D90770006800F006
:1019C0000700B04201D00120E7E72878400705D59D
:1019D0002068E96820F4E050084320602878000778
:1019E00006D52068296920F4604040EAC1002060E3
:1019F00000F058F82168084AC1F30311515CC8404F
:101A00000649086006480068FFF7CAFE0020C4E7E0
:101A1000003C0240083802407C970008B0000020DB
:101A2000A80000200F2202600C4A136803F0030391
:101A30004360136803F0F0038360136803F4E0531A
:101A4000C36012684FF4E05303EAD2020261044813
:101A5000006800F007000860704700000838024086
:101A6000003C02400448054900680968044AC1F383
:101A70008221515CC8407047B00000200838024005
:101A80008C9700080448054900680968044AC1F3B6
:101A90004231515CC8407047B00000200838024015
:101AA0008C970008154810B5006810F00C02144817
:101AB00013D01449042A0FD0082A0ED10F4C241F2A
:101AC0002268236802F03F025B0207D52068C0F35A
:101AD0008810A0FB010106E0084610BD2168C1F393
:101AE0008811A1FB00010023FEF7CAFB2168C1F3A6
:101AF0000141491C4900B0FBF1F010BD083802401B
:101B00000024F40040787D012DE9F84F04006ED0E8
:101B10002078DFF84C93C007A9F104054AD009F1F9
:101B200004000168C1F38101012908D00068C0F3F5
:101B3000810002280AD1D9F80000400206D52868A1
:101B4000800337D560680028E1D033E06068B0F5E5
:101B5000803F10D0B0F5A02F286810D020F480303E
:101B60002860286820F4802028606068A8B1FFF70A
:101B7000EFFD06460DE0286840F48030F4E740F4BD
:101B800080202860F7E700BFFFF7E2FD801B642894
:101B900073D828688003F7D50CE0FFF7D9FD064617
:101BA00005E000BFFFF7D4FD801B6428F0D828684B
:101BB0008003F7D42078DFF8AC8280074FF0000A6A
:101BC0003ED5A748001D016811F00C0F08D0006831
:101BD000C0F3810002280BD1D9F80000400207D4DD
:101BE0002868800716D5E068012800D112E033E1AB
:101BF000E068B8B10120C8F80000FFF7A9FD06466B
:101C000005E000BFFFF7A4FD801B0228C0D82868AC
:101C10008007F7D52868216920F0F80040EAC10064
:101C200028600DE0C8F800A0FFF792FD064604E02A
:101C3000FFF78EFD801B02281FD828688007F7D485
:101C40002078000722D5864F87486169703771B1C7
:101C500001210160FFF77CFD064604E0FFF778FDF7
:101C6000801B022809D838688007F7D50EE0C0F835
:101C700000A0FFF76DFD064605E082E0FFF768FD76
:101C8000801B02287DD838688007F7D42078400769
:101C900068D5DFF8CCB100270BF13C0BDBF8000076
:101CA000C0000BD4DBF8001041F08051CBF80010DD
:101CB000DBF80000012700F0805000906B4E306888
:101CC000C00510D4306840F480703060FFF740FDEC
:101CD000009005E0FFF73CFD0099401A022850D81B
:101CE0003068C005F6D55E4EA0686C3601280FD06E
:101CF0000528306810D020F001003060306820F0F6
:101D000004003060A068B8B1FFF722FD00900FE03A
:101D1000306840F00100F4E740F004003060F7E77D
:101D2000FFF716FD0099411A41F28830814266D8CA
:101D300030688007F4D50EE0FFF70AFD009007E059
:101D4000FFF706FD0099411A41F28830814256D8CA
:101D500030688007F4D42FB1DBF8001021F08051F7
:101D6000CBF80010A069C8B33D49091D0968C1F34B
:101D7000810102294AD00228504607D0C8F86000E5
:101D800000E03CE0FFF7E4FC04463BE04746C8F8CF
:101D90006000FFF7DDFC064605E000BFFFF7D8FC5A
:101DA000801B02282BD828688001F7D4D4E90701CA
:101DB0000843A16A2E4A490802EB0141626A41EADE
:101DC0008211084394F82C1040EA0161C9F8001010
:101DD00001203866FFF7BCFC044606E03EE000BF89
:101DE000FFF7B6FC001B022809D828688001F7D548
:101DF00034E000BFFFF7ACFC001B022802D903202F
:101E0000BDE8F88F28688001F4D427E00128F7D0D6
:101E1000D9F80000E26900F4800191421CD1226AE5
:101E200000F03F01914217D147F6C071626A01404C
:101E3000B1EB821F10D1A26A4FF0FF3300F44031A2
:101E400003EB5202B1EB024F06D194F82C1000F0D4
:101E50007060B0EB016F01D00120D1E70020CFE727
:101E60000438024000004742800E474200700040A4
:101E70000000FFFF7047704770B590F83C20012AC2
:101E800032D0012480F83C40022280F83D200368D3
:101E90005A689D6822F070060A6832435A60134BF4
:101EA00002689A4214D0B2F1804F11D0104B9A427E
:101EB0000ED0104B9A420BD00F4B9A4208D00F4BCA
:101EC0009A4205D00E4B9A4202D00E4B9A4204D150
:101ED000496825F080031943916080F83D40002156
:101EE00080F83C10084670BD022070BD0000014023
:101EF0000004004000080040000C004000040140C5
:101F0000004001400018004010B5040003D094F8D0
:101F10003D0010B107E0012010BD002084F83C0016
:101F2000204600F01FF8022084F83D00211D2068A3
:101F300002F0C6FF012084F8460084F83E0084F8D1
:101F40003F0084F8400084F8410084F8420084F89F
:101F5000430084F8440084F8450084F83D000020E4
:101F600010BD000008B50068B0F1804F12D10A48DA
:101F7000016841F0010101600068002200F00100E9
:101F8000009005211C20FFF781FCBDE808401C20C3
:101F9000FFF76EBC08BD00004038024090F83D10CD
:101FA000012901D001207047022180F83D1001680D
:101FB000CA6842F00102CA6000681149884214D020
:101FC000B0F1804F11D00F4988420ED00E4988429F
:101FD0000BD00E49884208D00D49884205D00D49E2
:101FE000884202D00C49884204D1816801F007017F
:101FF000062903D0016841F001010160002070470B
:10200000000001400004004000080040000C0040B7
:1020100000040140004001400018004070B5044633
:1020200090F83C000025012817D0012684F83C6078
:10203000022084F83D002068826822F0770222F4B2
:102040007F4282600868502838D00DDC20284FD0AD
:1020500005DC90B3102811D14AE0022070BD302871
:1020600046D040280AD13BE060282FD070280DD000
:10207000B0F5805F03D0B0F5005F12D0012584F881
:102080003D60002084F83C00284670BDCB68D1E953
:102090000121206802F080FF2068816841F077010B
:1020A00009E0CB68D1E90121206802F075FF2068C2
:1020B000816841F480418160E1E719E0CA684968BC
:1020C000206802F07BFF5021206806E0CA6849685A
:1020D000206802F084FF6021206802F067FFCEE7ED
:1020E000CA684968206802F069FF40212068F4E767
:1020F000226801461046F0E770472DE9F04104469A
:102100000068C66805694FF00007A90713D5B10735
:1021100011D5F91E016101202077206880698007B0
:10212000204602D0FFF7E8FF04E000F07EF82046EA
:1021300000F07CF82777680716D5700714D521685A
:102140006FF004000861022020772068806910F495
:10215000407F204602D0FFF7CFFF04E000F065F893
:10216000204600F063F82777280715D5300713D5E8
:1021700021686FF008000861042020772068C0699A
:102180008007204602D0FFF7B7FF04E000F04DF8CB
:10219000204600F04BF82777E80616D5F00614D550
:1021A00021686FF010000861082020772068C0695E
:1021B00010F4407F204602D0FFF79EFF04E000F0BD
:1021C00034F8204600F032F82777E80708D0F00707
:1021D00006D021686FF001000861204600F028F861
:1021E000280608D5300606D521686FF08000086102
:1021F0002046FFF73FFE680608D5700606D5216821
:102200006FF040000861204600F03EF8A8060AD5AD
:10221000B00608D521686FF0200008612046BDE8AF
:10222000F041FFF728BEBDE8F0817047704700001D
:1022300038B5044600681049884201D1FFF78EFA8C
:102240000E48844216D10E484FF47A724168491CF8
:10225000B1FBF2F3416002FB131100290AD181683E
:102260000023491C8160074800911A4669460068AE
:1022700006F018FF38BD000000100040E802002002
:102280000000002084000020704770477047000065
:10229000F8B5016804460868CA684B6910F00F0F6A
:1022A0004FF0000559D003F0010602F49077374350
:1022B00065D0C10705D0D10503D5616C41F001019E
:1022C0006164410705D5D90703D0616C41F0020173
:1022D0006164810705D5D90703D0616C41F0040121
:1022E0006164010707D502F02001314303D0616C1E
:1022F00041F008016164616C00293AD0800604D580
:10230000900602D5204602F03CFF20684069616CCF
:10231000C0F38010090700D460B3204602F00AFF22
:1023200020684069400621D52068143050E8001F1D
:1023300021F0400140E80012002AF5D1E06BA8B17D
:102340006E490165E06BFFF7D4F8002811D0E06B0F
:10235000016D01B0BDE8F040084783060FD5930634
:102360000DD52046BDE8F84002F00BBF2046FFF730
:102370008DFFF8BD2046FFF789FF6564F8BD266B29
:102380002023012E7DD1C6067BD5D60679D50868D7
:102390004868009048694FF00206400641D5E16B5D
:1023A000086840680004000CE8D0A28D8242E5D99C
:1023B000E085C869B0F5807F2DD020680C3050E8EA
:1023C000001F21F4807140E80012002AF5D1206836
:1023D000143050E8001F21F0010140E80012002AEB
:1023E000F5D12068143050E8001F21F0400140E88A
:1023F0000012002AF5D184F84230256320680C30A1
:1024000050E8001F21F0100140E80012002AF5D129
:10241000E06BFFF725F86663A08DE18D401A81B26D
:102420002AE0A08DE18D401A81B2E08D0028A5D070
:102430000029A3D022680C3252E8000F20F49070DB
:1024400042E80007002FF5D12068143050E8002F33
:1024500022F0010240E80027002FF5D184F8423035
:10246000256320680C3050E8002F22F0100240E86D
:102470000023002BF5D166632046FFF706FFF8BD69
:10248000FFE705062BD5150629D594F8410021282C
:10249000F5D1A068B0F5805F01D12069B0B1206AA4
:1024A000411C2162216800784860E08C401E0004D5
:1024B000000CE084E3D12068C16821F08001C16094
:1024C0002068C16841F04001C160D8E7206A0088F7
:1024D000C0F308004860206A801C2062E5E74006DF
:1024E000CDD55006CBD5CA68204622F04002CA603E
:1024F00084F8413000F0B6F9C1E70000255100082A
:1025000070B5040004D094F84100002510B106E035
:10251000012070BD84F84050204600F023F82420AC
:1025200084F841002068C16821F40051C160204650
:1025300002F088FE2068016921F490410161206861
:10254000416921F02A0141612068C16841F40051CC
:10255000C1606564202084F8410084F8420065630E
:10256000002070BDF0B587B0044614216846FDF721
:102570001AFF4648444A236800244449103802257B
:102580000326934233D10A6842F480120A60096834
:1025900001F480110591016841F0040101600168B6
:1025A00001F004010591016841F008010160006833
:1025B00002AA00F0080005909814CDE9000508274C
:1025C00082E8D00069463248FEF7B8FF0420CDE922
:1025D000000502AA694682E8D0002E48FEF7AEFF49
:1025E000002205213520FFF751F9352023E02A4F3D
:1025F0000722BB4223D10B6843F400330B60096808
:1026000001F400310591016841F0010101600068A9
:10261000029400F0010005900C20CDE90005CDE901
:10262000036269461D48FEF789FF00220521262026
:10263000FFF72CF92620FFF71BF907B0F0BD184F64
:10264000BB42FAD10B6843F480230B60096801F4A4
:1026500080210591016841F0020101600068029447
:1026600000F0020005904FF44060CDE90005CDE98F
:10267000036269460B48FEF761FF0022052127200F
:10268000FFF704F92720D6E7005000404038024009
:1026900000080240000C02400044004000000240DC
:1026A000004800400004024090F84230202B01D046
:1026B0000220704721B11AB10023036302F048BE23
:1026C00001207047FEB5054633480026334C85424D
:1026D0000FD101223249FFF7E7FFE088B0F5FF7F15
:1026E00000D9E6802E482F4A0178E0881154401C1A
:1026F000E0802D48854203D101222C49FFF7D4FF09
:102700002B4885421ED101222A490096FFF7CCFFB3
:102710002848012500786070A2783AB12649012A3C
:1027200013D0022A0ED1552819D028E0012801D152
:10273000E17841B1E178012904D1062802D1E6709F
:10274000A5702671FEBDE570FEBD22798854521C2D
:10275000D0B220710828F7D30220A070FEBDA67069
:10276000002001AA0B5C1354401C0828FADB134814
:1027700000236A4601A9006806F094FC25700098C1
:102780000028EBD00E494FF080500860BFF34F8F08
:10279000BFF36F8FFEBD0000C0030020400100208A
:1027A00000000020244D0020300300200100002004
:1027B0007803002002000020244F00208C0000201D
:1027C00004ED00E02DE9F843044690F841009846F6
:1027D00016460D46202802D00220BDE8F88385B1B8
:1027E0007EB100206064212084F84100FEF7B0FF34
:1027F000A6848146E684A0682027B0F5805F02D0D9
:1028000003E00120E9E7206910B12E4600250EE023
:1028100000260CE08021204602F0B5FDA8B9C6B123
:1028200016F8010B21684860E08C401EE084E08CC3
:102830004B464FF00002CDF800800028EAD14FF05F
:102840004001204602F09FFD40B184F84170032012
:10285000C3E735F8020BC0F30800E3E784F84170E2
:102860000020BAE77047FEE710B509490520094C7A
:102870000880012211022046FEF765FF0122510265
:102880002046FEF760FF6420401EFDD110BD000011
:10289000740100200004024010B502F015F8032076
:1028A00002F09AF801F0DEFF032002F095F802F042
:1028B00033F8032002F090F801F0DCFFBDE810408F
:1028C000032002F089B800000EB5FFF7CDFFFEF738
:1028D000D3FA1A4C5828607000D0FEE700F03AF89E
:1028E000607050B3154D164E90351448903000F07E
:1028F00089F828684FF47A714843000D20656868AC
:10290000490048430D4A06EB10504C32111F6065D8
:10291000081FFEF7F9F9206D009094ED110A0223CB
:102920008DED020A606D019000226946E06F06F0AD
:1029300009FB052006F0F8F8D7E7FEE70C000020B9
:102940000CFEFFFF10B501F08DFFBDE8104001F057
:10295000BBBF000070B5FFF7F5FF42F6143002F080
:102960003BF8FFF799FF702002F084FD01F052FF61
:10297000E12002F07FFD01F04DFF082002F07AFD1A
:1029800001F048FF002002F075FD01F043FF02F066
:1029900019FAC820FEF7C0FD42F61E35184C29E092
:1029A00000F0D1F83220FEF7B7FD284602F014F807
:1029B000FFF772FF702002F05DFD01F02BFFE120B8
:1029C00002F058FD01F026FF082002F053FD01F04F
:1029D00021FF002002F04EFD01F01CFF02F0F2F991
:1029E0006168491C61600A2901D3002070BD642020
:1029F000FEF792FD00F070F80028D1D0012070BDE4
:102A00005801002070B586B0002104468DF80410EE
:102A10008DF810108DF80C108DF814108DF808102A
:102A20008DF804100D460E4600F072F807E0052000
:102A300001F0D2FF3046761CB6B2642803D200F013
:102A400056F80006F3D4FFF727FF712002F012FDBD
:102A500001F0E0FE02F0DEFC8DF8040001F084FFDE
:102A600002F0D8FC8DF8100001F07EFF02F0D2FCDD
:102A70008DF80C0001F078FF02F0CCFC8DF814000A
:102A800001F072FF02F0C6FC8DF8080001F06CFF47
:102A900002F0C0FC8DF8040001F082FF02F092F910
:102AA0009DF810009DF80C10054341EA05209DF8A3
:102AB000141041EA0020000920609DF814009DF8E0
:102AC000081041EA00209DF8041041EA0020C0F3FC
:102AD0001300606006B070BD10B500F008F800F09B
:102AE0006800082801D0002010BD012010BD10B5DD
:102AF000FFF7D2FE712002F0BDFC01F08BFE02F068
:102B000089FC044601F04CFF02F05CF9204610BD40
:102B100010B5FFF7C1FE702002F0ACFC01F07AFEA8
:102B2000AC2002F0A7FC01F075FE332002F0A2FCFD
:102B300001F070FE002002F09DFC01F06BFEBDE88C
:102B4000104002F03FB910B5FFF7A6FE702002F06A
:102B500091FC01F05FFEBA2002F08CFC01F05AFEFD
:102B6000BDE8104002F02EB970B52DED028B86B095
:102B70002648012203A9C06F06F0F4FA012840D1CB
:102B8000049A0A2192FBF1F301FB1322D2B200EE68
:102B9000102AB2EE041A0498B8EE400A90FBF1F045
:102BA000C0EE010AC0B200EE100A194AB8EE400A9F
:102BB00030EE808A18EE100A904222DCB5EEC08A10
:102BC000F1EE10FA1DDB0398059D90FBF1F0C4B205
:102BD0004FF480710F48FDF7E6FB2846FDF712FE23
:102BE00005460E4618EE100AFDF70CFE41EC100BE0
:102BF0000095CDE9016453EC102B0749054802F01C
:102C00006FFC06B0BDEC028B70BD00000C00002014
:102C100000002042D4010020649A000870B50A4EDA
:102C200000240021204601F05BFA002505EBC410CA
:102C3000305C01F077FA6D1CEDB2802DF6D3641C88
:102C4000E4B2082CEDD370BD384F00202DE9F047D9
:102C500017460646802830D240292ED2F019802807
:102C600002D9C6F18000C7B2C818402802D9C1F104
:102C70004000C3B2C818CC08401EC11700EB517009
:102C8000C0F3C708DFF838A015E03146204601F050
:102C900027FA002506EBC41909E000BF09EB05007F
:102CA00080B21AF8000001F03DFA6D1CEDB2BD4291
:102CB000F4D3641CE4B24445E7D9BDE8F0870000D2
:102CC000384F002008B18023036009B1402008601C
:102CD0000AB101201060014870470000384F002001
:102CE00010B50446007B012802D1206804F0F0F9F9
:102CF000002020606060A060207310BD5FF00102C2
:102D000000F07F030B70C00909D043F08003521C10
:102D100001F8013B042AF3DD4FF0FF307047104605
:102D200070472DE9F0410446002500680F462E4605
:102D300010B10220207315E001202073084604F032
:102D4000D9FC2060002808D0C4E9016702E02068AF
:102D500046556D1CA068A842F9D8BDE8F0812068EE
:102D600046556D1CA068A842F9D866608842F4D226
:102D70002660F2E72DE9FF47174688468146FDF7B2
:102D800039FB84B24046FDF735FB0026E01D04F018
:102D9000B1FC050025D0E11DFDF705FB12A0224680
:102DA000016829608088A88049462846FDF729FBEC
:102DB0004046FDF71FFB034600200DF1040A0121E8
:102DC00000908AE88300424629460A2000F042F932
:102DD00000B10126284604F07BF9304604B0BDE876
:102DE000F0870120FAE7000024637273702F00005F
:102DF0002DE9FF5F9A46934600251046DDF8449082
:102E00000E9F139CFDF7F6FA06B2BBF1000F1FD020
:102E100006F111001FFA80F807B10225109868B179
:102E200045F00405FDF7E6FAC7B24846FDF7E2FAB9
:102E3000C11901EB0800001D1FFA80F80F9870B14E
:102E4000012807D0022808D0022004B0BDE8F09F76
:102E50000120FAE745F00C0501E045F01405129851
:102E600008B145F02405009860B3019850B345F0CF
:102E7000C0070098FDF7BEFA05460198FDF7BAFABB
:102E8000291801EB0800001D85B229462046FFF7EE
:102E900048FF2068C0B12946FDF785FAD4E9003023
:102EA000411C102261601A54D4E900010144681FDA
:102EB000FFF724FF00B2002808DA2046FFF710FFD2
:102EC0000520C2E70320C0E70420BEE7616823684D
:102ED0000844411C616000221A54D4E90030421CAD
:102EE000042162601954D4E90050421C4D236260F1
:102EF0002B54D4E90050421C626051232B54D4E976
:102F00000030451C542265601A54D4E90050431C1B
:102F100063602A54D4E90030421C62601954D4E939
:102F20000020411C61601754D4E90030411C4FEA75
:102F30001A2261601A54D4E90030421C626003F81E
:102F400000A0D4E90030411C320A61601A54D4E96F
:102F50000020411C61601654D4E900010844324647
:102F60005946FDF74EFA606830446060780736D500
:102F7000B9F1000F01D10FF2D8091098FDF73AFA14
:102F800085B2D4E90030411C2A0A61601A54D4E9A0
:102F90000020411C61601554D4E9000108442A4610
:102FA0001099FDF72EFA6068284460604846FDF7E6
:102FB00021FA85B2D4E90030411C2A0A61601A5412
:102FC000D4E90020411C61601554D4E90001084493
:102FD0002A464946FDF715FA6068284460603806BD
:102FE00018D50098FDF706FA85B2D4E90030411CE7
:102FF0002A0A61601A54D4E90020411C616015540A
:10300000D4E9000108442A460099FDF7FAF96068FE
:1030100028446060780618D50198FDF7EBF985B271
:10302000D4E90030411C2A0A61601A54D4E9002016
:10303000411C61601554D4E9000108442A460199F5
:10304000FDF7DFF96068284460600020FDE60000BD
:10305000000000002DE9FF4F81B090464FF00006C0
:10306000119C0F9A9A465FEA000BB146314608D18F
:10307000012005B0BDE8F08F232816D02B2814D0EE
:10308000761C0298805D0028F6D141F030070AB125
:1030900047F0010706EB0A050E98AD1C68B1012840
:1030A00005D0022806D00320E3E70220E1E747F03D
:1030B000020701E047F00407AD1CB8F1000F03D090
:1030C00098F80000022807D0691D2046FFF729FE66
:1030D000206850B3691D14E05FF0000018F800107C
:1030E000401C7D29FAD100F10409AAEB0900291A34
:1030F00000912046C91CFFF714FE2068A8B1009972
:10310000C91CFDF750F9D4E90020411C6160175437
:10311000D4E9000101442846FFF7F0FD002806DA53
:103120002046FFF7DDFD0520A3E70420A1E7616845
:1031300023680844411C320A61601A54D4E9002013
:10314000411C61601654D4E90001084432460299DA
:10315000FDF757F96068304460600E9959B12368F3
:10316000411C4FEA1B2261601A54D4E90030421C12
:10317000626003F800B0B8F1000F0ED098F80000BC
:103180000228D4E90001084409D052464146FDF71F
:10319000F1F8616801EB0A006060002069E74A46C7
:1031A0004146FDF7E7F8616801EB0900F4E770B507
:1031B0000C46054604212046FFF7B3FD2168B9B14E
:1031C00060687023421C62600B54D4E90030411CDB
:1031D000022261601A54D4E90030411C2A0A61605D
:1031E0001A54D4E90020411C61601554002070BDC0
:1031F000012070BD70B50C46054604212046FFF73E
:1032000090FD2168B9B160686223421C62600B5472
:10321000D4E90030411C022261601A54D4E9003024
:10322000411C2A0A61601A54D4E90020411C6160E3
:103230001554002070BD012070BD2DE9F0474FF0FE
:103240000008089C1F4691468A46060045460AD15A
:103250000120BDE8F08759F8250020B3FDF7CAF832
:103260006D1C8044EDB2BD42F5D307EB470101EB85
:103270000805E91D2046AD1CFFF753FD2168A1B1EB
:1032800060688222431C63600A54D4E9000101444F
:103290002846FFF733FD00B2002808DA2046FFF782
:1032A0001FFD0420D5E70220D3E70320D1E76168A2
:1032B00023680844411C320A61601A54D4E9002092
:1032C000411C61601654002520E059F82500FDF7E7
:1032D00091F80646020AD4E90030411C61601A5494
:1032E000D4E900314A1C62605E54D4E9000108440C
:1032F00059F825103246FDF784F860682368304499
:10330000411C61606D1C03F800A0EDB2BD42DCD32E
:1033100000209EE7F0B50446002001235D05106003
:1033200012E0275C166807F07F0707FB036616604C
:10333000265C360601D4401CF0BDDB01AB4202D353
:103340006FF00100F0BD401C8842EADB4FF0FF3017
:10335000F0BD2DE9F8430E4607461D4690462F2145
:10336000801DFDF73DF80021009150B3441C6A46D2
:103370000421781CFFF7CEFF252004F0BBF9306054
:1033800008B32521FDF70FF8242221463068FCF709
:10339000F1FF009824342C3880B22880401C04F0BF
:1033A000A9F9C8F8000080B12988491CFCF7FBFF87
:1033B0002A882146D8F80000FCF7DCFF0020BDE891
:1033C000F8830120FBE70220F9E7306803F080FE74
:1033D0000320F4E74178022901D001207047817869
:1033E00019B1012901D0FF207047C0787047000053
:1033F0002DE9F84F04460078DDE90A7B00F00F095B
:1034000000200E460090C9F3410115468BF80010CC
:10341000984609F0080A6A460421601CFFF77AFF03
:1034200004440098641C022843D35FEAC97040D169
:10343000208840BA28800099801C88427AD83EA112
:10344000A01CFCF7BBFF10B10F20BDE8F88F9BF864
:10345000000020B101282DD002286BD12AE0BAF15A
:10346000000F67D12888401C04F044F93060002820
:1034700060D02988491CFCF796FF2A88A11C306877
:10348000FCF778FF28880099081A801E80B23880DF
:10349000401C04F02FF9C8F8000038B13988491CE5
:1034A000FCF781FF3A882888A41C33E0306803F0D9
:1034B0000FFE3FE02888009A811C91423AD8A11C57
:1034C00008440C99008840BA08800C9890B328886A
:1034D000401C04F00FF9306060B32988491CFCF7E8
:1034E00062FF2A88A11C3068FCF744FF28880099F5
:1034F000081A001F80B23880401C04F0FBF8C8F89E
:1035000000000028D2D03988491CFCF74CFF3A88CB
:103510002888241D0119D8F80000FCF72BFF2B2167
:103520003046FCF75DFF28B923213046FCF758FFF1
:1035300000288AD0FF2088E72463726571000000AC
:103540004178022904D1817811B9C0780A2801D0C4
:1035500001207047002070474178022904D181780A
:1035600011B9C0780A2801D00120704700207047A7
:103570004178022904D1817811B9C0780A2801D094
:1035800001207047002070474278022A09D18278D2
:10359000B2EB112F05D1C078C9B2884201D1002009
:1035A000704701207047000038B504460078FF21BD
:1035B0000009421E0E2A01D3084638BD0328FCD15B
:1035C000002000906A460421601CFFF7A3FE2044FF
:1035D0000099401C022907D32278D20704D102881F
:1035E00052BA921C8A4201D9FF2038BD04A1801C26
:1035F000FCF7E4FE08B10F2038BD032038BD000001
:1036000024637265710000000146FF208A78002A59
:103610000BD1CA78142A08D1087938B1012805D00D
:10362000022803D0802803D0022070470020704772
:1036300001207047827801211AB9C0781E2800D174
:1036400000210846704700007CB51E4A00211E4834
:1036500004F0B4F81D49002418254860CDE9005451
:1036600023464FF480621AA11D4805F051FECDE9B2
:103670000054002380221BA11D4805F049FECDE91E
:1036800000544FF40076002332461AA11C4805F07E
:103690003FFECDE90054002380221AA11C4805F00A
:1036A00037FECDE90054002332461AA11C4805F02C
:1036B0002FFECDE90054002332461AA11D4805F023
:1036C00027FE7CBD58970008A54D00088C000020FF
:1036D000455350383236365F5461736B000000003A
:1036E00095130008616E6A69616E5F5461736B00C7
:1036F000316C00084949435F5461736B000000005E
:10370000C928000847616D655461736B00000000B3
:10371000857500084E52465F5461736B00000000CF
:10372000D93C000854756F4C756F59695F546173CB
:103730006B000000055000082DE9F04F87B0142100
:103740006846FCF730FE47480024016841F0040158
:103750000160016801F004010591016841F08001F8
:103760000160016801F080010591016841F00101EB
:103770000160016801F001010591016841F0020159
:103780000160016801F002010591016841F0080142
:1037900001600068DFF8D08000F008004FF49075F9
:1037A0000590002229464046FDF7CDFFDFF8BC908A
:1037B0004FF43066002231464846FDF7C4FFDFF87B
:1037C000B0A04FF40077002239465046FDF7BBFF0A
:1037D000DFF8A0B000224FF478715846FDF7B3FF30
:1037E00000950125CDE90154694640460394FDF753
:1037F000A5FE0096CDE90154694648460394FDF7BD
:103800009DFE4FF48840CDE9000469464846029485
:10381000FDF794FE0097CDE90154694650460394A4
:10382000FDF78CFE1020CDE900046946584602944D
:10383000FDF784FE4FF438700090CDE901546946DD
:1038400058460394FDF77AFE280200901120CDE936
:103850000104694658460394FDF770FE07B0BDE8C1
:10386000F08F00003038024000000240000C02409F
:10387000000802400004024010B586B0002416483B
:10388000009401940294039404944FF080410594B1
:1038900001605321C0E901144FF47A71C0E90314A7
:1038A0008461FEF731FB08B1FDF7D8FD4FF480507D
:1038B000009069460848FEF7B1FB08B1FDF7CEFD60
:1038C000049404A904480594FEF7D6FA002801D010
:1038D000FDF7C4FD06B010BDE80200200C4810B58D
:1038E0000A4901604FF4E1314160002181600C22FE
:1038F000C160C0E904128161C161FEF701FE0028C8
:1039000003D0BDE81040FDF7A9BD10BD0050004038
:10391000300300200C4810B50A4901604FF4E13132
:103920004160002181600C22C160C0E90412816104
:10393000C161FEF7E5FD002803D0BDE81040FDF7AA
:103940008DBD10BD00440040780300200C4810B528
:103950000A4901604FF4E1314160002181600C228D
:10396000C160C0E904128161C161FEF7C9FD002890
:1039700003D0BDE81040FDF771BD10BD0048004008
:10398000C0030020FEE7FEE710B5002000F04AF972
:10399000E22000F0CDF8BDE81040012000F042B96F
:1039A00010B5002000F03EF9E12000F0C1F8BDE8BC
:1039B0001040012000F036B910B5002000F02AF9BF
:1039C000012000F02FF9002000F03CF9BDE8104084
:1039D000002000F02FB9000010B5FFF7EDFF08211F
:1039E000002000F037F93F21012000F033F90121D8
:1039F000022000F02FF90321084600F02BF90321E3
:103A0000042000F027F90221052000F023F90E21FF
:103A1000062000F01FF90921112000F01BF90522F2
:103A200007490A2000F028F9FFF7BAFFFFF7ACFFBB
:103A30007021072000F00EF9BDE8104000F064B8D6
:103A4000B901002010210148FDF770BE00040240BA
:103A500010B50446002000F0E5F8204600F068F8B4
:103A6000FF2000F065F80446012000F0DBF8204656
:103A700010BD70B506460D46002000F0D3F8612059
:103A800000F056F8002405E0FF2000F051F8305512
:103A9000641CE4B2AC42F7D3BDE87040012000F0F2
:103AA000C1B810B5002000F0BDF8FF2000F040F8CC
:103AB0000446012000F0B6F8204610BD10B5FFF70F
:103AC000F0FF04460020FFF7C3FF800701D4032462
:103AD00012E0C4F3011003280DD060060FD50124B5
:103AE00009210848FFF7C5FF4021072000F0B2F880
:103AF000FFF74AFF04E00224FFF76EFF00E0002416
:103B0000204610BD8153002010B5002000F082F83F
:103B10000020FFF79DFFFF2809D040F0030100209F
:103B200000F098F8BDE81040012000F073B810BD17
:103B300070B504460025200601D5012000E00020D4
:103B400000F078F86006040E012000F07BF8FFF723
:103B500079FF08B144F00104002000F073F86D1CF7
:103B6000EDB2082DE7D3204670BD000010B5052248
:103B70001B49102000F080F8052219490A2000F0A6
:103B80007BF80921174800F090F800F02DF841F279
:103B9000883400BFFFF785FF641E07D0C0F3011112
:103BA000032905D0C10607D5022402E0042400E061
:103BB0000324FFF711FF02E08006EBD5012430213A
:103BC000072000F047F8FFF7EBFE05490522491DE5
:103BD0000A2000F051F8FFF797FF204610BD0000C3
:103BE000B40100207853002010B5002000F012F836
:103BF0000020FFF72DFFFF280BD020F0010040F040
:103C00000201002000F026F8BDE81040012000F07D
:103C100001B810BD024640210148FDF794BD0000E7
:103C200000040240024680210148FDF78CBD0000DF
:103C300000040240024620210148FDF784BD000037
:103C400000040240024620210148FDF77CBD00002F
:103C50000000024070B504460D460020FFF7E2FF69
:103C600044F02000FFF764FF2846FFF761FFBDE83E
:103C700070400120FFF7D6BF70B5044615460E46CA
:103C80000020FFF7CFFF44F02000FFF751FF002492
:103C900004E0305DFFF74CFF641CE4B2AC42F8D3A3
:103CA000BDE870400120FFF7BDBF70B506460D4668
:103CB0000020FFF7B7FFA020FFF73AFF002404E041
:103CC000305DFFF735FF641CE4B2AC42F8D3BDE8C9
:103CD00070400120FFF7A6BF2DED068BFFF77CFE9D
:103CE000664C654EDFF898B1664D4FF0FF3741F2F4
:103CF000873840F6080A04F18809206C401C2064CB
:103D000032282AD1002020645F4894F854100170B2
:103D10004178491C41708178491C8170C178491CE7
:103D2000C170FFF723FF052817D2DFE800F0030773
:103D30000B0F13003068401C30600EE07068401CB0
:103D400070600AE0B068401CB06006E0F068401C9B
:103D5000F06002E03069401C3061FFF7AFFE0128DF
:103D600079D129786A7807EB0120131840468342FD
:103D700004D802EB0121514500D0A165A978EA7869
:103D800007EB01231344834204D802EB0121514580
:103D900000D0E16529796A7907EB01231344834256
:103DA00004D802EB0121514500D06167A979EA7975
:103DB00007EB01231344434504D802EB012050458F
:103DC00000D0A066606EFCF7D8FC9FED30AB53ECE2
:103DD0001A2BFCF7E0FB41EC180BE06DFCF7CDFC77
:103DE0009FED2C9B53EC192BFCF7D5FB53EC182BB8
:103DF000FCF72AFBFCF7EDFC20666066206FFCF701
:103E0000BCFC53EC1A2BFCF7C6FB41EC180BA06E64
:103E1000FCF7B3FC53EC192BFCF7BDFB53EC182B50
:103E2000FCF712FBFCF7D5FCE0662067287A4946D0
:103E3000C0F3801289F80020C0F3401289F80120F5
:103E4000C0F3001289F80220C0F3C00389F80330E0
:103E500012B1022302E00AE013B101238BF8003013
:103E6000C0F341020A7100F0010089F805000A2040
:103E700004F05AFE41E70000D40200200C000020AC
:103E800092010020815300207853002033333333D4
:103E90003333E33F9A9999999999D93F70B50024A2
:103EA0000021204600F01CF90025002000F03AF91E
:103EB0006D1CEDB2802DF8D3641CE4B2082CEFD356
:103EC00070BD000010B5012211020A48FDF73BFC4D
:103ED0000120401C9628FCD3012251020648FDF720
:103EE00032FC0220401C9628FCD3BDE81040012083
:103EF000FDF712BB00000240000802402DE9F04728
:103F0000DFF880A0204E074600244FF080084FF4D1
:103F100000794FF4807500BF28FA04F23A40494610
:103F20005046FDF710FC0220401C9628FCD30122CD
:103F300029463046FDF707FC0220401C9628FCD39A
:103F4000002229463046FDF7FEFB0220401C962841
:103F5000FCD3641CE4B2082CDED30122294630468F
:103F6000FDF7F1FB0222521C962AFCD300222946BF
:103F70003046FDF7E8FB0220401C9628FCD3BDE844
:103F8000F087000000080240000002402DE9F041E7
:103F90000122144D540221462846FDF7D4FB01208E
:103FA000401C9628FCD301220F4F1602314638469A
:103FB000FDF7C9FB0220401C9628FCD300222146B5
:103FC0002846FDF7C0FB0220401C9628FCD30022A7
:103FD00031463846FDF7B7FB0220401C9628FCD33B
:103FE000BDE8F081000802400000024070B50F4DAE
:103FF0004FF40074002221462846FDF7A4FB01225D
:10400000521C962AFCD3012211020948FDF79BFBA2
:104010000222521C962AFCD3012221462846FDF793
:1040200092FB0220401C9628FCD370BD0008024081
:104030000000024010B5002141F288320020401CEF
:104040009042FCD3491C9142F8D3FFF73BFFAE20CE
:1040500000F057F8D52000F054F8802000F051F817
:10406000A82000F04EF83F2000F04BF8D32000F0DD
:1040700048F8002000F045F8402000F042F8A12068
:1040800000F03FF8C82000F03CF8DA2000F039F8E2
:10409000122000F036F8812000F033F8CF2000F035
:1040A00030F8D92000F02DF8F12000F02AF8DB20BC
:1040B00000F027F8302000F024F8A42000F021F8C8
:1040C000A62000F01EF88D2000F01BF8142000F050
:1040D00018F8AF2000F015F8BDE81040FFF7DEBE7D
:1040E00010B50C4640F0B00000F00BF8102040EA8C
:1040F000141000F006F804F00F00BDE81040AFF314
:10410000008010B50446FFF741FF7820FFF7F6FE68
:104110000020FFF7F3FE2046FFF7F0FEBDE8104059
:10412000FFF764BF10B50446FFF730FF7820FFF7B4
:10413000E5FE4020FFF7E2FE2046FFF7DFFEBDE888
:104140001040FFF753BF000030B58BB00024069439
:104150000794089401252DA32E4A2FA131A009947C
:1041600001F0AEF906A8CDE904400120CDE9000434
:1041700003020294039425A2264927A0FEF738FEE5
:1041800028B135A001F09CF90BB0284630BD3BA00A
:10419000079901F095F9079881B20698FDF7D4F8D0
:1041A00040A001F08DF94FF47A70FCF7D7FF044678
:1041B00045A001F085F9002C1CD021784AA001F01F
:1041C0007FF92046FFF7F0F9022813D12046FFF7C8
:1041D00001F9062818D2DFE800F003080A111315C8
:1041E0004DA001F06DF9002504E050A000E056A0BC
:1041F00001F066F906A8FEF773FDC5E75BA0F7E7D7
:1042000062A0F5E76AA0F3E774A0F1E750656E617C
:1042100000000000C49A00086E45344841724B33D8
:104220004E3300004F6E654E65745F4465764C6991
:104230006E6B0D0A50524F49443A2025732C095495
:104240004F4B454E3A2025732C2044455649443A5D
:1042500025730D0A000000005741524E3A094D5196
:1042600054545F5061636B6574436F6E6E65637425
:10427000204661696C65640D0A000000B2BDD6E895
:1042800031A3BA4D515454C1ACBDD3B0FCB4B4BD8C
:10429000A8B3C9B9A6A3ACB0FCB3A4B6C8A3BA2549
:1042A000640D0A00B2BDD6E832A3BA455350383285
:1042B00036365F53656E644461746120B5F7D3C3CD
:1042C000CDEAB3C90D0A0000B2BDD6E833A3BAB532
:1042D000C8B4FD3173BDD3CAD5C6BDCCA8CFECD30D
:1042E000A62E2E2E0D0A0000B2BDD6E834A3BAB316
:1042F000C9B9A6CAD5B5BDC6BDCCA8CFECD3A6CA90
:10430000FDBEDDA3ACCAD7D7D6BDDAA3BA307825B7
:104310003032580D0A000000546970733A09C1AC7C
:10432000BDD3B3C9B9A60D0A000000005741524ED3
:104330003A09C1ACBDD3CAA7B0DCA3BAD0ADD2E9AB
:10434000B4EDCEF30D0A00005741524E3A09C1AC0C
:10435000BDD3CAA7B0DCA3BAB7C7B7A8B5C4636C4E
:1043600069656E7469640D0A000000005741524E81
:104370003A09C1ACBDD3CAA7B0DCA3BAB7FECEF12F
:10438000C6F7CAA7B0DC0D0A000000005741524E24
:104390003A09C1ACBDD3CAA7B0DCA3BAD3C3BBA78B
:1043A000C3FBBBF2C3DCC2EBB4EDCEF30D0A0000DD
:1043B0005741524E3A09C1ACBDD3CAA7B0DCA3BA2B
:1043C000B7C7B7A8C1B4BDD328B1C8C8E7746F6B6D
:1043D000656EB7C7B7A8290D0A0000004552523ACA
:1043E00009C1ACBDD3CAA7B0DCA3BACEB4D6AAB4B7
:1043F000EDCEF30D0A00000070B588B0002406462B
:104400000D4604940594069408460794FBF7F2FFC2
:10441000034604A80121CDE9021000942A46019424
:1044200031460A20FEF716FE002807D1059881B212
:104430000498FCF789FF04A8FEF752FC08B070BD91
:10444000F0B58DB004460020089009900A90ADF8B0
:104450001800079003900490ADF814008DF82C001C
:104460002046FFF7A1F80546C01E664E0D2878D2FB
:10447000DFE800F0297C8393AEC3B4C3BCC3C3C3DD
:10448000070005AB03AA04A92046FEF762FF04005B
:1044900027D1DDE90321BDF814305BA001F010F84D
:1044A000DDE9031007AAFEF765FC002856D15FA0DE
:1044B00001F006F8089881B20798FCF745FF07A8B5
:1044C000FEF70EFC4AE04F4A0BA9921C05A88DE8A6
:1044D000070003AB06AA04A92046FEF789FF0400E3
:1044E0000FD0FCF70FFD641C09D00F2D01D0032D58
:1044F00005D1049802F0ECFD039802F0E9FD0DB03F
:10450000F0BDBDF814000090DDE90331BDF81820BE
:104510004CA000F0D5FF039802F002FC054658A11C
:1045200002F0E2FB074658A102F0DEFB044659A167
:10453000384602F0D9FB58B1C26857484FF4807131
:10454000012A0FD0022232705FF00102FDF7FBF862
:104550000CB160697060284602F0A2FBFCF7D2FC47
:10456000C7E734E0012232700022EFE72046FEF771
:10457000E7FF002841D149A03DE02046FEF7F8FFC3
:1045800000283AD14DA000F09BFF07A90A20FEF7B2
:1045900031FE002831D14FA00FE071882046FEF790
:1045A000F3FF002829D151A000F08AFF07A90A20B3
:1045B000FEF7FDFD002820D152A000F081FF0898F1
:1045C00081B20798FCF7C0FE07A8FEF789FB14E04C
:1045D0002046FEF7C1FF80B951A00CE02046FFF74E
:1045E00013F808B154A006E05AA004E02046FFF7F3
:1045F00021F828B15EA000F063FFFCF783FC7EE7A2
:1046000063A0F8E750010020636D6469643A2025D7
:10461000732C207265713A2025732C207265715FAE
:104620006C656E3A2025640D0A00000054697073B1
:104630003A0953656E6420436D64526573700D0AC8
:1046400000000000746F7069633A2025732C207499
:104650006F7069635F6C656E3A2025642C20706111
:10466000796C6F61643A2025732C207061796C6FCE
:1046700061645F6C656E3A2025640D0A00000000DD
:10468000706172616D73000074656D705F666C6F50
:10469000617400004C656400000C02405469707342
:1046A0003A094D515454205075626C697368205317
:1046B000656E64204F4B0D0A000000005469707352
:1046C0003A09526576205075626C69736852656369
:1046D0000D0A0000546970733A0953656E642050E6
:1046E00075626C69736852656C0D0A005469707369
:1046F0003A09526576205075626C69736852656C30
:104700000D0A0000546970733A0953656E642050B5
:1047100075626C697368436F6D700D0A000000006C
:10472000546970733A09526576205075626C6973EA
:1047300068436F6D700D0A00546970733A094D51EA
:1047400054542053756273637269626520457272B6
:104750000D0A0000546970733A094D5154542053A6
:104760007562736372696265204F4B0D0A00000029
:10477000546970733A094D51545420556E53756203
:10478000736372696265204572720D0A0000000051
:10479000546970733A094D51545420556E537562E3
:1047A000736372696265204F4B0D0A0070B586B065
:1047B00000240D460646019402940394049406E0F6
:1047C00056F824100DA000F07BFE641CE4B2AC424D
:1047D000F6D301A800902B46324600211420FEF7A4
:1047E0002CFD002807D1029881B20198FCF7ACFD9E
:1047F00001A8FEF775FA06B070BD0000537562732C
:10480000637269626520546F7069633A2025730D85
:104810000A00000070B5002400F02CF800F032F817
:10482000042000F0D9F800F01DF8042000F0D4F8BE
:104830004FF400750A4E01E0641CA4B229463046CC
:10484000FCF774FF08B1642CF6D3642C06D000F09A
:1048500011F8042000F0C0F8012070BD002070BDE8
:1048600000040240012211020148FCF76CBF000065
:104870000004024000224FF480710148FCF763BF3E
:104880000004024000B587B014216846FBF78BFD99
:104890000B480021026842F002020260006800F04A
:1048A000020005904FF40070CDE900010120CDE930
:1048B000020169460348FCF741FE07B000BD000055
:1048C000303802400004024030B587B014216846F9
:1048D000FBF769FD0E480021026842F00202026007
:1048E00000684FF4007400F0020005901120CDE93B
:1048F00000400120CDE90201064D69462846FCF73B
:104900001DFE012221462846FCF71DFF07B030BDE1
:10491000303802400004024030B587B014216846A8
:10492000FBF741FD0E480021026842F002020260DE
:1049300000684FF4007400F0020005901120CDE9EA
:1049400000400120CDE90201064D69462846FCF7EA
:10495000F5FD002221462846FCF7F5FE07B030BDE4
:10496000303802400004024010B5FFF783FF0320F7
:1049700000F032F8FFF7D0FF032000F02DF8FFF72A
:1049800071FF032000F028F8FFF774FF032000F008
:1049900023F8FFF777FFBDE81040032000F01CB8B4
:1049A00010B5FFF767FF042000F016F8FFF78CFF43
:1049B000042000F011F8FFF755FF042000F00CF878
:1049C000FFF758FF042000F007F8FFF7A5FFBDE848
:1049D00010400420AFF3008000B5801E020004D018
:1049E0000120FCF78CFA521EFAD100BD2DE9F047E8
:1049F00081460D481F461646058888460024F2B2B7
:104A00003B464146484600F047F800280AD0002DB2
:104A100008D02146641CE4B2042903D82846FCF7D8
:104A20007BFDECE7BDE8F087740100202DE9F05F25
:104A30008A4618491E469346B1F8009000254FEA71
:104A4000400854460BF0FF0700F0EEF808F0FF00B6
:104A500000F042F948B9204600F03EF928B9002498
:104A600011E0305D00F038F958B1B9F1000F0FD006
:104A700029466D1CEDB204290AD84846FCF74CFDC6
:104A8000DFE7641CE4B2BC42EBD300F005F9002080
:104A9000BDE8F09F740100202DE9F0411D46144649
:104AA0000F46064600F0C0F87006000E00F014F93C
:104AB00000281CD1384600F00FF9002817D100F06B
:104AC000B3F8012000EB4600C0B200F005F9002861
:104AD0000DD107E0012C0CD000F05AF8641E05F847
:104AE000010BE4B2002CF5D100F0D6F80020BDE8AF
:104AF000F08100F001F8F1E72DE9F041234C4FF48B
:104B00000078012241462046FCF71DFEA715002231
:104B100039462046FCF717FE00252E46012239466D
:104B20002046FCF710FE1220401EFDD16806050E3F
:104B300041462046FCF7FAFD08B145F00105002288
:104B400039462046FCF7FFFD1220401EFDD1761CA1
:104B5000F6B2082EE2D3012241462046FCF7F3FDCF
:104B60001220401EFDD1012239462046FCF7EBFD04
:104B70001220401EFDD1002239462046FCF7E3FDFD
:104B80001220401EFDD12846BDE8F08100040240FD
:104B90002DE9F041234C4FF4007801224146204694
:104BA000FCF7D1FDA715002239462046FCF7CBFDC6
:104BB00000252E46012239462046FCF7C4FD12206E
:104BC000401EFDD16806050E41462046FCF7AEFDAD
:104BD00008B145F00105002239462046FCF7B3FD37
:104BE0001220401EFDD1761CF6B2082EE2D3002220
:104BF00041462046FCF7A7FD1220401EFDD10122B0
:104C000039462046FCF79FFD1220401EFDD10022B0
:104C100039462046FCF797FD1220401EFDD128465C
:104C2000BDE8F081000402402DE9F0410122194E57
:104C3000540221463046FCF786FD1321491EFDD162
:104C40000122150229463046FCF77DFD1222521E34
:104C5000FDD12746214634463046FCF767FDB8B102
:104C6000002239462046FCF76EFD1222521EFDD16D
:104C700029462046FCF767FD1221491EFDD1394621
:104C80002046FCF753FD002800D00220BDE8F0814B
:104C90000120FBE70004024070B50E4D4FF4007494
:104CA000002221462846FCF74EFD1322521EFDD15C
:104CB000012211022846FCF746FD1222521EFDD1A8
:104CC000012221462846FCF73EFD1220401EFDD160
:104CD00070BD0000000402402DE9F041184E054669
:104CE0004FF48077002239463046FCF72CFD002433
:104CF0004FF40078280601D5012200E00022414649
:104D00003046FCF720FD6806050E1220401EFDD13E
:104D1000012239463046FCF716FD1220401EFDD117
:104D2000002239463046FCF70EFD1220401EFDD110
:104D3000641CE4B2082CDDD3BDE8F04100F002B8F9
:104D4000000402402DE9F0410122154D56020024D5
:104D500031462846FCF7F7FC1322521EFDD10122F2
:104D6000170239462846FCF7EEFC1220401EFDD102
:104D700008E0641CE4B2FA2C04D9FFF78DFF02208E
:104D8000BDE8F08131462846FCF7D0FC0028F0D180
:104D9000002239462846FCF7D6FC0020F0E7000048
:104DA00000040240064D4FF400744FF4FA76214699
:104DB0002846FCF7C0FC304603F0B6FEF7E70000DB
:104DC000000C024010B5FFF7A7FD0420FFF704FE1A
:104DD000FFF748FD0420FFF7FFFDFFF775FDBDE875
:104DE00010400420FFF7F8BD10B54FF0E020006937
:104DF00004F0E6FA012803D0BDE8104003F0F4BF48
:104E000010BD000030B593B030216846FBF7CBFAF7
:104E100014210CA8FBF7C7FA1D480025016841F0D2
:104E200080510160006800F08050119019480168BD
:104E300041F4804101600068022400F48040119038
:104E40000120039010200490009406940820CDE9DE
:104E50000750A820CDE9090404200B906846FCF710
:104E600053FE08B172B6FEE70CA90F2081E83100AD
:104E70004FF4A0500F904FF48050109005210CA8D3
:104E8000FCF736FD002801D072B6FEE713B030BD46
:104E900040380240007000400248016841F470014F
:104EA0000160704788ED00E00148FDF726B9000079
:104EB000E80200200148FDF720B9000008040020A6
:104EC000F0B50268294C2A4D2A4E2B4F2B4B4FF040
:104ED000804CA04209D0604507D0A84205D0B0421E
:104EE00003D0B84201D0984204D122F0700E4A6833
:104EF00042EA0E02A0421BD0604519D0A84217D04A
:104F0000B04215D0B84213D0984211D01C4DA842DF
:104F10000ED01C4DA8420BD01B4DA84208D01B4DF3
:104F2000A84205D01A4DA84202D01A4DA84203D17A
:104F300022F44075CA682A434D6922F080022A4350
:104F400002608A68C2620A688262A04201D0984206
:104F500001D109690163012141610169C90703D0D8
:104F6000016921F001010161F0BD00000000014074
:104F70000004004000080040000C00400004014014
:104F8000004001400044014000480140001800403A
:104F9000001C00400020004010B5846842EA032253
:104FA00024F47F440A432243826010BD826822F0C9
:104FB00070020A4342F007018160704710B5036A2E
:104FC000046A24F001040462846924F0F00444EAD1
:104FD000021423F00A020A438461026210BD10B574
:104FE000036A046A24F010040462846923F0A003B5
:104FF00024F4704444EA023243EA011182610162FE
:1050000010BD00002DED028B82B03C4D9FED3C8A1F
:10501000A5F1800464226946286804F0A3F80128F9
:1050200067D1BDF8000000EE100AF8EE400A9FEDCF
:10503000350A20EE801ADFED340A21EE201A84EDC5
:10504000041ABDF8020001EE100AB8EE411A21EE72
:10505000001A21EE201A84ED051ABDF8040001EEB5
:10506000100AB8EE411A21EE000A20EE200AB5EE31
:10507000C00AF1EE10FA06DB10EE100A234988424E
:1050800001DC84ED060A207828B994ED060A012097
:1050900084ED070A207094ED060AD4ED080A1C4935
:1050A00030EE600A10EE100A884208DD94ED090A1D
:1050B00030EE480A84ED090AE06A401E0CE010EE6A
:1050C000100A1449884208D994ED090A30EE080AFA
:1050D00084ED090AE06A401CE06294ED060AD4ED12
:1050E000090A30EE200A84ED0A0A94ED060A84EDDE
:1050F000080A0A2003F018FD8CE700008C0000204D
:105100000000B44300000038000034430000B44302
:1051100000003443000034C30148FDF7B9B8000073
:105120003003002010B5806B0021C185C184FDF7DC
:10513000ADF810BD01680C3151E8002F22F49072D7
:1051400041E80023002BF5D10168143151E8002F0C
:1051500022F0010241E80023002BF5D1016B012967
:1051600009D101680C3151E8002F22F0100241E80A
:105170000023002BF5D1202180F84210002101638B
:10518000704708B590F84210222901D0022008BDCE
:1051900082684FF480539A4201D1016921B1816A3A
:1051A0009A421BD04AB10AE00268816A5268C2F38F
:1051B00008020A80816A891C08E0026972B10268EB
:1051C000526802F07F020A70816A491C8162C18DB7
:1051D000491E0904090CC18503D01BE0026852680E
:1051E000F1E70168CA6822F02002CA600168CA6853
:1051F00022F48072CA6001684A6922F001024A61A1
:10520000202180F8421000214163026B012A03D063
:10521000FDF758FA002008BD016301680C3151E820
:10522000002F22F0100241E80023002BF5D1016885
:105230000A68D20602D50A6849680091818DFDF797
:1052400024F8E7E770B5044600680169E26821F4D4
:105250004051114301612169A068E2690843616915
:10526000114308432168CA6849F20C639A43024318
:10527000CA6020684169A26921F44071114341610B
:1052800031492068884202D03049884202D1FCF777
:10529000F9FB01E0FCF7E6FBE26900231921642534
:1052A0003226B2F5004F626828D0A0FB0101930FAF
:1052B0009200FAF7E5FF0146B0FBF5F06FF0180237
:1052C000504301EB800006EB0010B0FBF5F000F05E
:1052D000F002B1FBF5F002EB0012B1FBF5F06FF05C
:1052E0001803584301EB800006EB0010B0FBF5F00B
:1052F00000F00F0021681044886070BDA0FB010120
:1053000092185B41FAF7BCFF0146B0FBF5F00201D1
:10531000B1FBF5F06FF01803584301EB800006EB8A
:10532000C000B0FBF5F000F0F80002EB4002B1FB6A
:10533000F5F0584301EB800006EBC000B0FBF5F040
:1053400000F00700D6E70000001001400014014003
:1053500081628285C28500214164222180F8421049
:10536000016921B10168CA6842F48072CA600168AB
:105370004A6942F001024A610068C16841F02001B7
:10538000C160002070472DE9F843984617460D4646
:105390000446089E24E0701C22D0FCF7D9F9A0EB4B
:1053A0000800B0421AD8CEB12068C168490717D5A5
:1053B000802D15D0402D13D00168C94309070FD4A3
:1053C00001680025406800902046FFF7B3FE0820E2
:1053D000606484F840500120BDE8F8830320FBE7B7
:1053E0002068006835EA000004D00020B842D2D01E
:1053F0000020F1E70120F9E70148FCF749BF000070
:10540000780300200148FCF743BF0000C0030020E0
:10541000FEE700002DE9F0410025FFF72BFAFFF72A
:1054200031FA0420FFF7D8FADFF8448000244FF463
:10543000007700BFFFF716FAFBF746FD0026394656
:105440004046FCF773F900B1012646EA4500C5B2B3
:10545000FFF710FAFBF738FD641CE4B2082CE9D31F
:10546000FFF710FA0420FFF7B7FA2846BDE8F081ED
:105470000004024070B5054680260024FFF7FAF9C3
:10548000FBF72EFD2E4202D0FFF71EFA01E0FFF7D8
:1054900043FAFFF7E7F9FBF723FD6806641C050EE6
:1054A000E4B2082CEAD3FFF7E5F90420FFF794FAF9
:1054B000FFF7E8F9BDE870400420FFF78DBA00005F
:1054C0000FB4054B10B503A9044A029801F014F873
:1054D00010BC5DF814FB0000B9700008C401002086
:1054E0000FB4084B10B504A902AA039801F004F800
:1054F000044602A9002001F096FB204610BC5DF88E
:1055000014FB0000276C000803B4019841000098C8
:1055100050EAC12018BF04204A0D18BF40F0010016
:1055200040F2FF72B2EB515F08BF40F00200012869
:1055300008BF052002B070470907090E002804DBE8
:1055400000F1E02080F80014704700F00F0000F137
:10555000E02080F8141D70472DE9F04D2DED040B6F
:105560002DED0E8B96B0DDE92550279CDDF890A03F
:1055700025F0004624F00048BAF1000F14BF0121C5
:10558000002101EB4502FC4953184A1093422AD3EB
:10559000002814BF0123002303EB44030B44F74905
:1055A0008B4220D358EA00019FEDF59B76D0DFF8BF
:1055B000D8B35D4503D1BAF1000F05D188E0BAF147
:1055C000000F08BF002100D0012101EB450111F5BA
:1055D000001F08D8002814BF0121002101EB44015D
:1055E00011F5001F0BD99DED261B9DED240B16B068
:1055F000BDEC0E8B04B0BDE8F04D00F069BE002795
:10560000002DBCBFE149884521DAE1498845A8BFA2
:1056100002271CDAC3451ADCDE4901EB28511429A4
:1056200008DDC1F1340220FA02F101FA02F28242ED
:105630000DD108E058B9C1F1140228FA02F101FABB
:1056400002F2424503D101F00101C1F1020756EA1D
:105650000A0124D1002C22DA002D18BF022F01D01C
:10566000012F0AD0022000F07FFE16B0BDEC0E8B99
:1056700004B0BDE8F04D00F013BE022000F074FE4F
:1056800000F00EFE51EC100B81F0004141EC100BCC
:1056900016B0BDEC0E8B04B0BDE8F08D18E09FEDA8
:1056A000BEAB9FEDBF8B002871D1B848804522D199
:1056B00005F1804010F5801008BFBAF1000F07D047
:1056C000B3450ADC002CA8BF9DED260BE0DA0DE007
:1056D000B0EE490AF0EE690ADAE7002C06DA9DED31
:1056E000260B51EC100B81F000416FE0AE4878447E
:1056F00090ED000BCCE7D8454DD1002C48DA2EB107
:1057000086423AD1BAF1000F42D126E0BAF1000F39
:1057100013D0022000F028FE00F0F6FD8DED020B04
:105720009DED240B8DED000B10EE900A039961F3B3
:105730001E0003909DED020BAAE78DED02AB9DEDDF
:10574000240B1AEE901A10EE900A8DED000B61F307
:105750001E0003909DED020B9AE78DED028B9DEDEF
:10576000240B18EE901A10EE900A8DED000B61F3E9
:105770001E0003909DED020B8AE709DA9DED240BD4
:1057800051EC190B53EC102BFAF777FF1EE020E0D9
:105790009DED240B7CE786421BDAB4F1804F0DD0DF
:1057A000A4F10050B0F1FF5013D1002D11DB9DED9D
:1057B000240B51EC100B03F04CF807E09DED240B8B
:1057C00053EC102B51EC100B00F0C2BC41EC100B51
:1057D0005EE79DED240B51EC100B01F061FCBAF17A
:1057E000000FCDE90E0142D19FED710B46B3A6F13A
:1057F000E040B0F17F600CD05E4538D1002D00DA7A
:10580000A7B3022F0CBF01204FF0FF30FAF7A4FF1F
:10581000DCE7002D01DD002C0DDA002D01DD002C70
:105820001FDB002D16DA002C14DB012F08BF9FEDC3
:10583000620B3FF42DAFB0EE4A0AF0EE6A0A27E79A
:10584000022F18BF002D0CD0012F0AD1002DFFF61A
:105850001FAF06E0002DB8BF002C08DA012F3FF47F
:1058600017AFB0EE480AF0EE680A11E71BE001201E
:1058700000EBE57050EA070115D0791EB0EE498AB9
:10588000F0EE698A084308BF9FED4D8B4E48002516
:10589000804570DD4D494E48884514DDB0420DDB32
:1058A000002C19DB2FE0012000F05EFD16B0BDECEE
:1058B0000E8B04B0BDE8F04D00F016BDB34502DC20
:1058C000002C09DC1FE0864202DA002C1BDA03E020
:1058D0005E452BDD002C16DD022000F045FD00F0BA
:1058E00013FD8DED020B53EC1A2B51EC180BFAF74C
:1058F00052FECDE900010399019861F31E00039067
:105900009DED020BC4E6022000F02EFD00F00CFD20
:1059100010EE901A18EE900A8DED020B8DED008BB3
:1059200061F31E0003909DED020BB1E69DED0E0BA1
:1059300053EC192B51EC100BFAF727FE9FED260BB9
:10594000CDE9080153EC102B9DED080B51EC100B29
:10595000FAF721FE9FED221B53EC112BFAF718FEEC
:105960009DED081B53EC112BFAF715FE9FED1E1B46
:1059700053EC112B3CE08CE0FFFF1F00FFFF0F00FA
:10598000000000000000F03F0000F03F0000F07F4A
:105990000000404301FCFFFF000000000000F07F1A
:1059A000000000000000000036430000000000007E
:1059B0000000000000000080000000000000F0FF78
:1059C000000000000000F0BF0000E0410000F043D4
:1059D000FFFFEF3F00000000000000000000D03F8C
:1059E000555555555555D53F000000000000E03F86
:1059F000FAF7CEFD9DED080B41EC1A0B53EC102B82
:105A000051EC100BFAF7C7FD53EC1A2BFAF7C3FD54
:105A100041EC1A0B9FEDFE0B53EC102B9DED080B88
:105A200051EC100BFAF7B7FD41EC1B0B9FEDFA0B95
:105A300051EC1A0B53EC102BFAF7ADFD41EC1A0B9D
:105A40009FEDF70B53EC102B9DED080B51EC100B59
:105A5000FAF7A1FD53EC1A2BFAF797FD41EC1A0B5C
:105A600051EC1B0B53EC1A2BFAF7EEFC0690CDE928
:105A700006519DED060B53EC1B2B51EC100BFAF766
:105A800084FD53EC1A2BFAF783FD41EC100B00F068
:105A9000A1B90020B6F5801F0EDA9FEDE30B53ECA1
:105AA000102B9DED0E0B51EC100BFAF774FDCDE9A8
:105AB0000E016FF034000E4600EB2650A0F2FF37C7
:105AC000C6F31300DA4940F07F6646F0405688423C
:105AD000D8BF002408DDD7498142C8BF012403DCB8
:105AE0000024A6F580167F1CD348784400EBC40040
:105AF0000F9690ED00CB9DED0E0B53EC1C2B51EC53
:105B0000100BFAF742FD9DED0E0B41EC1B0B53EC15
:105B10001C2B51EC100BFAF797FC41EC100B51ECDD
:105B2000190B53EC102BFAF7A8FD41EC1D0B51ECAF
:105B30001B0B53EC1D2BFAF72EFD41EC1A0BBF4843
:105B40008DED10AB7844109590ED000B4FF00050A8
:105B500040EA660000EB84408DED080B00F5002064
:105B600009909DED080B53EC1C2B51EC100BFAF730
:105B70000CFD9DED0E1B53EC112BFAF709FD41ECCA
:105B8000100B53EC102B9DED100B51EC100BFAF792
:105B900002FD9DED080B41EC1C0B53EC102B9DED11
:105BA000100B51EC100BFAF7F6FC53EC1B2BFAF729
:105BB000EFFC53EC1C2BFAF7E8FC53EC1D2BFAF727
:105BC000EAFC41EC1C0B53EC1A2B51EC1A0BFAF7C4
:105BD000E2FC41EC1B0B9A480621B0EE4B0AF0EEBA
:105BE0006B0A784400F0E0FAB0EE401AF0EE601A6A
:105BF000B0EE41DAF0EE61DA53EC1B2B51EC1B0BEB
:105C0000FAF7C9FC53EC1D2BFAF7C5FC9DED100B00
:105C100041EC1B0B53EC1A2B51EC100BFAF714FC54
:105C200053EC1C2BFAF7B7FC53EC1B2BFAF70CFCCC
:105C30009DED100B41EC1B0B53EC102B51EC100B9A
:105C4000FAF7A9FC41EC1D0B9FED7FEB53EC1E2BEB
:105C5000FAF7FAFB53EC1B2BFAF7F6FB0890CDE9A9
:105C600008519DED080B53EC1E2B51EC100BFAF76D
:105C70008CFC53EC1D2BFAF788FC53EC1B2BFAF72A
:105C800087FC9DED080B41EC1D0B53EC102B9DED9B
:105C9000100B51EC100BFAF77EFC41EC1B0B53EC94
:105CA0001A2B51EC1D0BFAF776FC9DED080B41EC1D
:105CB0001A0B53EC102B51EC1C0BFAF76CFC53EC49
:105CC0001A2BFAF7C1FB41EC1A0B51EC1B0B53ECEE
:105CD0001A2BFAF7B9FB0C90CDE90C519DED0C0B8A
:105CE00053EC1B2B51EC100BFAF74FFC53EC1A2B17
:105CF000FAF74EFC41EC1B0B9FED550B53EC102BB0
:105D00009DED0C0B51EC100BFAF745FC41EC1A0B16
:105D10009FED510B51EC1B0B53EC102BFAF73BFC96
:105D200041EC1B0B9FED4E0B53EC102B9DED0C0B20
:105D300051EC100BFAF72FFC53EC1B2BFAF784FBFA
:105D400041EC100B4848784400EBC40090ED001B78
:105D500051EC100B53EC112BFAF776FB41EC1B0BBB
:105D60003846FAF7F9FCCDE9080153EC1B2B51EC4E
:105D70001A0BFAF769FB41EC100B3C48784400EB36
:105D8000C40090ED00CB51EC100B53EC1C2BFAF738
:105D90005BFB9DED081B53EC112BFAF755FB0690AE
:105DA000CDE906519DED080B53EC102B9DED060B34
:105DB00051EC100BFAF7E9FB53EC1C2BFAF7E5FB5F
:105DC00053EC1A2BFAF7E1FB53EC1B2BFAF7E0FB31
:105DD00041EC100B9DED261B53EC102B8DED001BA1
:105DE00000959DED260B51EC100BFAF7D4FB9DEDC1
:105DF000000B41EC1A0B53EC102B9DED260B51ECD4
:105E0000100BFAF7C2FB9DED061B53EC112B2FE094
:105E1000000000604715F73FFE822B654715F73FEE
:105E200044DF5DF80BAE543E00000000000040432C
:105E30008E9803007AB60B00B23E0000E03E0000F0
:105E4000EA3D0000000000000000000000000840E3
:105E5000000000E009C7EE3FFD033ADC09C7EE3F52
:105E6000F5015B14E02F3EBE763C0000303C0000A4
:105E7000FAF791FB53EC1A2BFAF7E6FA9DED060BB5
:105E800041EC1A0B53EC102B9DED000B51EC100B59
:105E9000FAF781FBCDE90C019DED0C0B51EC1A0BCF
:105EA00053EC102BFAF7D0FACDE902010C46AA49BF
:105EB0008C422FDB611A084318D19DED0C0B53EC7B
:105EC000102B9DED020B51EC100BFAF75EFB41EC31
:105ED0001B0B9FEDA30B51EC1A0B53EC102BFAF795
:105EE000B3FA53EC1B2BFAF7A1FC2DD2022000F0E1
:105EF0003BFA00F009FA10EE901A18EE900A8DEDB8
:105F0000020B8DED008B61F31E0003909DED020BE3
:105F1000FFF7BEBB944A24F00041914214D3934949
:105F2000214408437FF4EFAC9DED0C0B53EC102B98
:105F30009DED020B51EC100BFAF727FB53EC1A2BDB
:105F4000FAF774FC7FF6DFAC24F000408849894AF8
:105F5000002601EB205182422BDA481C4FF48011BD
:105F600021FA00F02044844AC0F30A517A44A1F295
:105F7000FF3192ED000B814A8DED080BCA4020EAFB
:105F80000202C0F3130040F48010C1F1140120FAA2
:105F900001F60992002CB8BF76429DED080B53EC38
:105FA000102B9DED0C0B51EC100BFAF7EEFACDE92E
:105FB0000C019DED0C0B51EC1A0B53EC102BFAF766
:105FC00043FA9FED6F0B0890CDE9085153EC102B6D
:105FD0009DED080B51EC100BFAF7DDFA41EC1B0BB1
:105FE0009FED690B53EC102B9DED080B51EC100B42
:105FF000FAF7D1FA9DED0C0B41EC1C0B53EC102B76
:106000009DED080B51EC100BFAF7BFFA53EC1A2B6D
:10601000FAF7BEFA9FED5E1B53EC112BFAF7BBFAB1
:1060200053EC1C2BFAF710FA41EC1A0B51EC1B0B3A
:1060300053EC1A2BFAF708FACDE902019DED020B99
:1060400053EC1B2B51EC100BFAF79FFA53EC1A2B65
:10605000FAF79EFA9DED020B41EC1A0B53EC102B54
:1060600051EC100BFAF797FACDE908014A489DED7B
:10607000080B0521784400F097F89DED081B51ECC2
:10608000100B53EC112BFAF786FA9DED021B53EC23
:10609000112BFAF77DFACDE906019DED020B53ECC9
:1060A0001A2B51EC100BFAF776FA53EC1A2BFAF77D
:1060B000CBF99FED3B0B41EC1A0B53EC102B9DEDF4
:1060C000060B51EC100BFAF760FA9DED060B41EC54
:1060D0001B0B53EC102B9DED020B51EC100BFAF740
:1060E0005AFA53EC1B2BFAF7C8FA53EC1A2BFAF7AF
:1060F0004CFA9DED021B53EC112BFAF746FA53ECC8
:10610000192BFAF745FACDE9020101EB065001150A
:106110000029C8BF039015DC9DED020B324651ECFF
:10612000100BFAF792FCFFF7EFF9042808BF00F014
:10613000FBF832469DED020B51EC100BFAF785FC93
:10614000CDE902019DED020B51EC180B53EC102B25
:10615000FAF721FAFFF73ABB000090400000000078
:10616000FE822B654715973C00CC904000346F3F72
:1061700001FCFFFF0000E03FB83A0000FFFF0F0006
:1061800000000000432EE63F396CA80C615C20BE85
:10619000EF39FAFE422EE63F883900000000000089
:1061A000000000000000004070B504462DED028B99
:1061B0004D1E00EBC500B0EE408AF0EE608A90ED17
:1061C000000B35F0060017D053EC182B51EC100BD8
:1061D000FAF7E1F941EC100B6D1E04EBC50090EDF0
:1061E000001B51EC100B53EC112BFAF72DF941EC7D
:1061F000100B35F00600E7D1022D36D0042D1CD04F
:10620000062D1CBFBDEC028B70BD53EC182B51EC5E
:10621000100BFAF7C0F994ED0A1B53EC112BFAF7A7
:1062200013F953EC182BFAF7B6F994ED081B53EC5D
:10623000112BFAF709F941EC100B53EC182B51EC28
:10624000100BFAF7A8F994ED061B53EC112BFAF793
:10625000FBF853EC182BFAF79EF994ED040B53EC72
:10626000102BFAF7F1F841EC100B53EC182B51EC12
:10627000100BFAF790F994ED021B53EC112BFAF77F
:10628000E3F853EC182BFAF786F994ED001B53EC66
:10629000112BFAF7D9F8BDEC028B41EC100B70BD55
:1062A0009FED070B10B553EC102B9FED070B51EC36
:1062B000100BFAF7E2F941EC100B10BD00000000E2
:1062C0000000000000000000000000000000F03F9F
:1062D00010B553EC112B51EC100BFAF7B5F841EC5B
:1062E000100B10BD000000009FED050B10B553EC26
:1062F000102B51EC100BFAF7C0F941EC100B10BD4C
:1063000000000000000000009FED050B10B553ECED
:10631000102B51EC100BFAF73EF941EC100B10BDAD
:1063200000000000000000709FED050B10B553EC5D
:10633000102B51EC100BFAF72EF941EC100B10BD9D
:10634000000000000000001002E008C8121F08C191
:10635000002AFAD170477047002001E001C1121FE6
:10636000002AFBD170470000014908607047000017
:10637000D00100202DE9FF5F82B00021DDE904306B
:10638000020DDDF840B0034318D044F61050A2F2DD
:10639000FF3242431514119801281FD0A5EB0B00C2
:1063A000401C5FEA000A4FF000064E4FDFF83891BC
:1063B000B046504615D5CAF1000413E011980124E7
:1063C0004AA3012801D16FEA0B010298119AC0E992
:1063D0000031C0E9024206B0BDE8F09FCBF10000F9
:1063E000DFE704460021404A491842EB0450CDE95A
:1063F000001012E0E00707D032463B4640464946CF
:10640000FAF7C9F88046894632463B461046194697
:10641000FAF7C1F806460F466410002CEAD1DDE910
:106420000401DDE90023BAF1000F06DAFAF7B3F848
:1064300042464B46FAF7AFF805E0FAF71EF9424636
:106440004B46FAF71AF904460E460022284BFAF793
:10645000EDF903D84FF0FF30014607E00022254B4D
:1064600020463146F9F7F0FFFAF706FB102409E061
:10647000002C0ADB0A220023F9F702FF039B3032CB
:106480001A55641E50EA0102F2D1641C039AC4F149
:1064900011031444119A012A03D0012208430DD19B
:1064A0000AE0084304D000204FF0110B119072E76E
:1064B000A3EB0B056D1E0DE05B4504DD4FF0000204
:1064C00005F1010504E003DA4FF00002A5F1010532
:1064D000002AECD002981199C0E90231C0E90045C8
:1064E00079E70000000014400000F03F3000000099
:1064F0000000F0430000E03F2DE9FF4F95B09B46C0
:106500008946064600250FE2252877D10024274634
:10651000F84A0121059400E0044316F8013F203BAE
:1065200001FA03F01042F7D130782A2811D06FF029
:106530002F033078A0F13002092A16D8059A44F0CA
:10654000020402EB820203EB42021044761C059027
:10655000EFE759F8042B0592002A03DA504244F47D
:106560000054059044F00204761C30782E2816D191
:1065700016F8010F44F004042A280DD06FF02F0202
:106580003078A0F13003092B09D807EB870302EB21
:106590004303C718761CF3E759F8047B761C307860
:1065A0006C280FD006DC4C2817D068280DD06A283C
:1065B00014D104E0742810D07A280FD10DE044F4EF
:1065C00000140AE044F4801401E044F440147278AA
:1065D000824202D104F58014761C761C307866283D
:1065E0000BD013DC582877D009DC002875D045285B
:1065F000F6D04628F4D047281AD19DE118E0632848
:1066000035D0642879D0652812D195E1702873D0EF
:1066100008DC6728F1D069286FD06E280DD06F286C
:1066200006D1B5E073282CD0752875D0782874D0A1
:106630005A46179990476D1C75E1C4F30250022821
:1066400009D003280DD0D9F8001004280DD00D6012
:1066500009F1040967E1D9F80010EA17C1E900520D
:10666000F6E7D9F800100D80F2E70D70F0E719F8A1
:10667000041B8DF8001000208DF80100EA4601206F
:1066800003E059F804AB4FF0FF3061074FF0000111
:1066900002D40DE008F101018846B9420FDA8045C5
:1066A000F8DB1AF808100029F4D108E008F101011C
:1066B00088468142FADB1AF808100029F6D10598BD
:1066C0005B46A0EB080721463846179A00F094FA7B
:1066D000284400EB080507E04DE029E10DE01AF839
:1066E000010B5A4617999047B8F10108F7D25B465B
:1066F00021463846179A13E142E00A220092C4F379
:1067000002524FF0000A022A08D059F804CB032A9B
:106710004FEAEC710AD00DE029E02AE009F1070107
:1067200021F00702F2E802C1914609E00FFA8CFC61
:106730004FEAEC71042A03D14FFA8CFC4FEAEC715A
:10674000002907DA0A460021DCF1000C61EB0201A6
:106750002D2202E0220504D52B228DF804200122EF
:1067600003E0E20701D02022F7E7904659E00A2132
:1067700002E010220DE010214FF0000A00910BE022
:1067800010224FF0000A44F004040827009203E0AE
:1067900008224FF0000A0092C4F30252022A05D0E8
:1067A00059F804CB0021032A08D009E009F10701B8
:1067B00021F00702F2E802C1914605E01FFA8CFCC5
:1067C000042A01D10CF0FF0C4FF00008220728D555
:1067D000702806D0009B83F0100353EA0A0305D00B
:1067E0000EE040228DF80420012208E05CEA01025C
:1067F00006D030228DF804208DF805000222904644
:10680000009B83F0080353EA0A030AD15CEA010201
:1068100001D1620705D530228DF804204FF0010820
:106820007F1E582804D034A003900EA802900DE0DB
:1068300036A0F9E753466046009AF9F721FD8446F1
:106840000398825C0298401E029002705CEA01008C
:10685000F0D1029806A9081A00F1200A600702D5B3
:1068600024F4803400E00127574502DDA7EB0A003D
:1068700000E0002000EB0A01009005984144401A16
:106880000590E00306D45B462146179A059800F070
:10689000B3F90544002706E001A85A46C05D1799E0
:1068A00090476D1C7F1C4745F6DBE0030CD55B462B
:1068B0002146179A059800F09FF9054404E030201E
:1068C0005A46179990476D1C0099481E0090002960
:1068D000F5DC08E0029802995A460078491C0291BA
:1068E000179990476D1CBAF10001AAF1010AF1DC79
:1068F00065E1000009280100303132333435363784
:1069000038396162636465660000000030313233FB
:10691000343536373839414243444546000000009B
:1069200000F058F90544761C307800287FF4ECAD6F
:1069300019B02846BDE8F08F620700D4062709F198
:10694000070222F0070CFCE80223E14603F00048AE
:106950005FEA080C02D00FF2702C0DE05FEA045CD5
:1069600002D50FF2682C07E05FEAC47C02D00FF278
:10697000602C01E0AFF2700C4FF0FF3823F00043C1
:10698000CDF850C065280CD006DC452809D0462833
:106990001DD047283DD13DE0662818D067287ED11C
:1069A00038E00021112F01DB112000E0781CCDE937
:1069B000000106A90EA8FFF7DDFCDDE90F010E9A24
:1069C00003910021009207F1010A04914DE04FF07C
:1069D00000400097CDE9011006A90EA8FFF7CAFCF8
:1069E000DDE90F0203920E9B11990022DDF80CA045
:1069F0000093049211B9791C00EB010AB7EB0A006D
:106A000004D4C0F1FF3007F1010A0490AAEB07009B
:106A1000019044E0012F00DA01270021112F01DD50
:106A2000112000E03846CDE9000106A90EA8FFF7C5
:106A3000A1FCDDE90F010E9A03910021049100925F
:106A4000BA4621070CD40399514500DA8A46BAF1B7
:106A5000010F05DD009AAAF10101515C302908D02F
:106A6000B84202DA10F1040F06DA0121CDE9011073
:106A700015E0AAF10101E9E7002805DC04990144C9
:106A80000491AAEB000102E0411C514500DD8A4659
:106A90000499401A401C01904FF0004002902007DA
:106AA00004D40198504501DBCDF8048000208DF816
:106AB0004F0002980DF14F07B0F1004F25D02B2069
:106AC0000E9002984FF0020800280CDA4042029023
:106AD0002D200E9007E00A210298F9F7DBFE3031F5
:106AE000029007F8011DB8F10001A8F10108F2DCDD
:106AF00002980028EFD1791E0E980870307800F0C7
:106B0000200040F0450007F8020D12A8C01B00F15C
:106B100007081498007800B1012000EB0A010198E1
:106B200001EBE07105984144401A401E0590E003D6
:106B300006D45B462146179A059800F05DF8054497
:106B40001498007818B15A46179990476D1CE003C5
:106B500024D55B462146179A059800F04DF8054468
:106B60001CE00498002807DBDDE90301884203DD0F
:106B70000098405C179901E0179930205A469047D9
:106B8000049805F10105401C04900198401E0190F5
:106B900004D12E205A46179990476D1CBAF1000176
:106BA000AAF1010ADDDC05E017F8010B5A46179936
:106BB00090476D1CB8F10001A8F10108F4DC5B46B8
:106BC0002146179A0598ABE62D0000002B00000027
:106BD000200000002DE9F041044600251E4617461E
:106BE000880404D405E039462020B0476D1C641E9B
:106BF000F9D52846BDE8F0812DE9F041044600258D
:106C00001E469046C80301D5302700E0202788049F
:106C100004D505E041463846B0476D1C641EF9D5E1
:106C20002846BDE8F0810A68531C0B60107070475D
:106C300002260E4C01270E4D00F01CF8A0702179A1
:106C400020EA0101E1702071012902D0022905D05A
:106C500008E0606B401C60632E7003E02F70606B77
:106C6000401E60630A2001F05FFFE5E70C00002092
:106C70009201002070B5094D00244FF48061284630
:106C8000FAF754FD00B901244FF480412846FAF781
:106C90004DFD00B90224204670BD0000000C0240EA
:106CA00070B504460F4E19E0A0892568C0050AD4C6
:106CB000A06820B1FFF7F4FFA089C00503D42069C4
:106CC00008B171688847A089800503D4206A08B19B
:106CD000716888477168204688472C46002CE3D1AC
:106CE00070BD00003401002070B50D46846800E0DE
:106CF00024682CB12946206A00F046F80028F7D114
:106D0000204670BD054910B5096828208847040051
:106D100002D02821F9F747FB204610BD340100209E
:106D200000221146AFF300802DE9F04190460E4657
:106D30000446FFF7E7FF134F05004FF00000B8606F
:106D400015D0204601F07BFD0146284600F0F2FFF9
:106D500004000FD0B8F1000F10D0204601F06FFDF5
:106D60000446007850B12846FFF79AFFBC60002027
:106D7000BDE8F0812846FFF793FFF8E706B13460DD
:106D80002846F5E73401002070B505000C4601D017
:106D90000CB108E009B1012070BD002070BD0028D1
:106DA000FCD0641C6D1C2878F9F7CCFA06462078D4
:106DB000F9F7C8FA86422878F1D0F9F7C3FA054600
:106DC0002078F9F7BFFA281A70BD00002DE9FF4FAF
:106DD00093B01F4622991498DDF88080401AC0B203
:106DE0000C9008F10700C00809900C98002600F0EC
:106DF00007000B9014984044C0B20590C4E00C9872
:106E000000EBC60000F0FF0A0AF10800C0B20A90C9
:106E10002298A8B114990A98884256D35E49C96845
:106E2000884252D805998A45FBD8FF2011901498C2
:106E3000824508D2A0EB0A01FF208840C0B200E0E2
:106E4000FF20119007E005990A98884203D9411A5A
:106E5000FF20C840F5E750484FEADA0281684A430C
:106E60000792159A16FB072206920B9A72BBC3680B
:106E700081469A452AD24FF0080AB8F1080F00D28D
:106E8000C24600241BE013982044C5B2D9F808007C
:106E9000854212D206982199204401F0B3FC119941
:106EA00053460140079800220544D9F80400405D8C
:106EB00001F0BAFCD9F804104855641CE4B2BC4295
:106EC000E1D3A8EB0A0000F0FF085BE00A9A444611
:106ED000D2084A430025109251E00B984446C0F175
:106EE000080081460F90A04200D9C146139828445B
:106EF00000F0FF0B2848806883453ED20698219910
:106F0000284401F07FFC1199084023490390C96887
:106F10008A4511D2079920485944129140684B463E
:106F20000B9A405C039901F07FFC1B4A129952684E
:106F30005054A4EB0900C4B2FCB117480A99C268C6
:106F400091421AD2C9F1080101F0FF09A14500D907
:106F5000A1460F9A03991048D140109A4068934473
:106F60004B4610F80B00002201F05EFC0A4949680C
:106F700001F80B00A4EB0900C4B26D1CEDB2BD42D8
:106F8000ABD3A046761CF6B209988642FFF437AF21
:106F900017B0BDE8F08F000078010020CB0805494C
:106FA00030B48C68496803FB0400084430BC1146C7
:106FB000F9F7F9B978010020FBF730BE70B5054C40
:106FC0002568002DFCD101252560FBF73FFE002040
:106FD000206070BD78010020044A10B5111F081F01
:106FE000FBF770FE01491039486010BD8801002090
:106FF0002DE9FE4F9B4691460F4606460025DFF8D9
:10700000988043E0C5EBC50202EB0901CCB208222F
:1070100000210092CDE901712038C0B21F4900EB78
:1070200080004218052359462046FFF7CFFE08236B
:10703000052259462046FFF7C1FF27B384B1A4F1CA
:10704000010A0AF0FF01FF235A46D8F8040001F0B4
:10705000DFFB0AF0FF00082301225946FFF7AEFFCD
:10706000D8F80810491F8C420DD2641DE1B2FF23ED
:107070005A46D8F8040001F0CBFBE0B20823012205
:107080005946FFF79BFF6D1CEDB2761C3078002847
:10709000B8D1BDE8FE8F000078010020B897000845
:1070A00082B0CDE9000121F0004001909DED000B80
:1070B00002B051EC100B704713B54FF0FF330122B3
:1070C00069460248FBF77EFB00981CBD3003002098
:1070D00010B5002821D0114B0022001F196803E0D1
:1070E000814203D80A4649680029F9D152B1136890
:1070F000841A9C4204D1006818441060104602E0D3
:10710000506000E0186039B102680B1A934203D155
:107110000B681A4402604968416010BDC801002034
:107120002DE9F04FFF4D2DED028B91B06889FE4C9B
:107130000026A02829D36E81A0212869F9F733F908
:107140006869400800EE100AB8EE400A84ED000AB3
:10715000A8690A3800EE100AB8EE400A84ED010A68
:10716000B9EE020A84ED020A9FEDF00A4FF4806145
:1071700084ED030A286AF9F716F9FFF71DFF0120CD
:10718000687128716889A02831D2E879FF282ED04B
:107190000020814600200221CDE90010029094EDEC
:1071A000010A0223E24ABCEEC00A10EE100A94ED76
:1071B000000AC1B2BCEEC00A10EE100AC0B2FFF75E
:1071C00005FE94ED010A08230222BCEEC00A10EE6F
:1071D000100A94ED000AC1B2BCEEC00A10EE100A0B
:1071E000C0B2FFF7EBFEB9F1000F02D011E00120B1
:1071F000CFE794ED000AD4ED020A30EE200A84EDC8
:10720000000A94ED010AD4ED030A30EE200A84ED61
:10721000010A94ED010A4FF0000BA046BCEEC00A33
:1072200094ED008A5F4610EE100A5E46AA46C4B28C
:107230005FF00005DAF81020D15DE9BBB10000EE87
:10724000101A0F91B8EE400AB4EEC80AF1EE10FA27
:1072500036D8042101EB860100EE101AB8EE400A80
:10726000B4EEC80AF1EE10FA2ADD0C2101EB85011B
:107270001091A14224D8102101EB8501A1421FD910
:107280000121D15500200821CDE90010029010986D
:107290000323C1B20F98A64AC0B2FFF797FD10981A
:1072A0000823C1B20F980322C0B2FFF787FE4FF048
:1072B000010BBAF80A0000E002E0401CAAF80A003C
:1072C0007F1C6D1CEDB2FFB2052DB3D3761CF6B258
:1072D000202EADD3DAF814005646801E00EE100AB8
:1072E000B8EE400AB4EEC08AF1EE10FA0BDD00EE03
:1072F000100AB8EE400A88ED000A98ED020AB1EED5
:10730000400A88ED020ADFED8B8AB5EEC08AF1EE05
:1073100010FA07D2C8ED008A98ED020AB1EE400AD1
:1073200088ED020A0027B9F1000F3AD1B169891F2F
:107330008C4236D3F02C34D2707A00EE100AB8EEBC
:10734000400AB4EEC08AF1EE10FA2ADB0C3000EEEF
:10735000100AB8EE400AB4EEC08AF1EE10FA20D856
:1073600000EE101A01274546B8EE400A88ED010AE2
:1073700098ED030AB5EEC00AF1EE10FA03DDB1EEA6
:10738000400A85ED030AF8F7E3FF00EE100AF8EE75
:10739000C00A9FED691AB7EE000A10EE810A85ED6A
:1073A000020A59EA070023D10C2C03D3BBF1000FCA
:1073B00004D105E0B2EE080A88ED010A404611E06A
:1073C000B069811E8C4213D9F02C03D94046C8ED18
:1073D000018A07E0401E00EE100A4046B8EE400A5F
:1073E00088ED010A90ED030AB1EE400A88ED030A28
:1073F0004FF000090221CDE90019CDF8089098ED71
:10740000010A4B4A4446BCEEC00A0223113A10EE70
:10741000100A98ED000AC1B2BCEEC00A10EE100AC4
:10742000C0B2FFF7D3FC94ED010A08230222BCEEA0
:10743000C00A10EE100A94ED000AC1B2BCEEC00AF8
:1074400010EE100AC0B2FFF7B9FD30797179084328
:107450002ED086F80490002586F805902F4600244B
:107460003069405DD0B90821CDE900190C2000EB4E
:10747000840A2F4A4FEA87080AF0FF0108F0FF004C
:1074800003230F3ACDF80890FFF7A0FC0AF0FF01A4
:1074900008F0FF0008230322FFF790FD6D1C641C19
:1074A000E4B2EDB2052CDBD37F1CFFB2202FD6D384
:1074B00001F094FFF168411AB1F57A7F19D3F060B9
:1074C000B078401CC0B2B0703C2804D386F802905B
:1074D0007178491C7170717830463C2904D380F86A
:1074E00001900178491C01700178182901D386F8B0
:1074F0000090B078F17888422CD000907378327880
:107500000EA101A8FDF7ECFF307D3A223C38C4B251
:1075100000212046FFF742FD00232246194601A81C
:1075200014E000008C01002068530020333393C026
:10753000AC97000800000000000080302530326465
:107540003A253032643A253032640000FFF750FDAE
:10755000B078F07072890AA108A8FDF7C1FF002178
:107560003C220846FFF71AFD00231A46194608A8D0
:10757000FFF73EFD11B0BDEC028BBDE8F08F0000BF
:10758000256400001CB5FFF727FD2A4A111F081FBC
:10759000FBF798FB274C1C3C2062FFF71DFDFFF713
:1075A0000BFD002208210A2001F034FC0025606256
:1075B000A5716069400800EE100A1F48B8EE400A45
:1075C00080ED000AA1690A3900EE101AB8EE400AEF
:1075D00080ED010AB9EE020A80ED020A9FED170A5A
:1075E00080ED030AA02001F089F8A0212061F8F7BE
:1075F000DAFE01202072E0716581A08AFA2101EB98
:107600005000607225706570A57001F0E7FEE060C3
:10761000FF20E0701820CDE900050023802208A19A
:107620000B4801F075FE00BFFFF77AFD322001F034
:107630007BFAF9E7A801002068530020333393C098
:10764000706C6174666F726D5F7461736B000000C3
:10765000E97D0008FAF78AF8FDF7D4FBFCF76CF82F
:10766000FCF70AF9FCF772F9FCF738F9FCF752F964
:10767000FCF7E0FC00220821022001F0CBFB1549B9
:10768000002208600421012001F0C4FB12490022FD
:1076900008600C21012001F0BDFB10490860104872
:1076A000FAF77CFC01220F490F48FAF7FDFF0D495C
:1076B0000122491C0D48FAF7F7FF0A490122891CEB
:1076C0000B48FAF7F1FF00F04BF8FBF7BDFF00F0B5
:1076D00059F8FEE78C00002084000020880000207C
:1076E000E802002000000020C0030020300300203A
:1076F00078030020F0B50B30154D20F00701002471
:10770000144A0FE003688B420BD38B4205D95E1AF3
:1077100043184768C3E9006700E04368136002C08C
:1077200004E0021D10680028ECD12046002802D198
:10773000286808B10020F0BD064A07481060074AD3
:10774000121A22F00702C0E9002401202860D7E7BE
:10775000CC010020C8010020945300209053002049
:10776000EFF3058010B16FF0050070470448016821
:1077700011B14FF0FF3070470121016000207047C8
:107780000401002010B5EFF3058010B16FF0050083
:1077900010BD08480168012902D04FF0FF3010BD2C
:1077A000054A002182F8141D0221016001F024FA2B
:1077B000002010BD040100200BE000E02DE9FF4196
:1077C0004FEA01034FF00005EFF30581039549BB34
:1077D00040B38027182100244AB3166806B1344606
:1077E00096691EB13146761E382E02D21679F607FA
:1077F00003D0002004B0BDE8F081566906B1B70897
:10780000D2F808C0BCF1000F0DD0D5685C2D18D39C
:1078100012693AB136B18DE806103A46214601F0B8
:10782000A4FD03900DE0D6685EB912694AB903AAB7
:10783000CDE90012BAB2214601F06AFD012800D05C
:1078400003950398D6E700002DE9F0410446087837
:107850001A4E5B2801D0B1602BE00520E060481C87
:1078600000F0EDFF074600785D2806D0FFF74AFAE2
:10787000051EA06002D038460AE0781CBDE8F08101
:10788000FFF740FA0028F9D0286045600546601CE3
:1078900000F0D5FF0146284600F04CFA00F0CFFF7B
:1078A000040006D020782C28EAD020785D2802D069
:1078B000B4600020E2E7601CE0E700003401002033
:1078C0000178A1F13002092A01D811460AE0A1F19C
:1078D0004102052A01D8373904E0A1F16102052AE5
:1078E0003FD857390A0110F8011FA1F13003092BC5
:1078F00001D8303A0AE0A1F14103052B01D8373A0B
:1079000004E0A1F16103052B2BD8573A11440A0179
:1079100010F8011FA1F13003092B01D8303A0AE019
:10792000A1F14103052B01D8373A04E0A1F161032D
:10793000052B16D8573A114440780901A0F13002BE
:10794000092A01D8303904E0A0F14102052A02D801
:10795000373908447047A0F16102052A01D8573928
:10796000F7E70020704700002DE9F04106462DEDB5
:107970000C8B0C469FED598B9FED5ACB0878002558
:107980000127B0EE4CBAF0EE6CBAB0EE489AF0EEC9
:10799000689A2D2802D19FED55BB4C1C20783028C9
:1079A00000D1641C20789FED53AB313808281AD8D9
:1079B00014F8010B3038F8F7CFFE41EC1D0BB0EE98
:1079C0004A0AF0EE6A0A53EC102B51EC180BF8F748
:1079D000E2FD53EC1D2BF8F737FD41EC180B207836
:1079E00030380928E4D920782E282CD16078302826
:1079F00047D3392845D8B0EE4CDAF0EE6CDA641C87
:107A000014F8010B3038F8F7A7FE41EC1C0BB0EE70
:107A10004A0AF0EE6A0A53EC102B51EC180BF8F7F7
:107A2000BAFD53EC1C2BF8F70FFD41EC180B53EC8F
:107A30001D2B51EC190BF8F7A8FD41EC190B207820
:107A400030380928DCD92078652801D0452818D19C
:107A500014F8010F2B2802D02D280FD000E0641C51
:107A60006FF02F012078A0F13002092A09D805EB28
:107A7000850201EB42028518641CF3E74FF0FF37E3
:107A8000EDE705FB07F0F8F767FE53EC192BF8F765
:107A9000DBFC41EC110BB0EE4A0AF0EE6A0AFDF78E
:107AA0005BFDB0EE409AF0EE609A53EC182B51EC6F
:107AB0001B0BF8F770FD53EC192BF8F76CFD41EC3C
:107AC000100B86ED060BF8F765FE70610320F06081
:107AD0002046BDEC0C8BBDE8F081000000000000EA
:107AE00000000000000000000000F03F0000000067
:107AF0000000F0BF00000000000024402DE9F0412C
:107B0000054608782A4E7B2801D0B16033E0062074
:107B1000E860481C00F093FE074600787D2813D0EB
:107B2000FFF7F0F8041EA8600FD0384600F087FE7B
:107B30000146204600F03EF800F081FE002804D007
:107B40002169002721622CE0781CBDE8F081B0603B
:107B500011E0401C00F073FE0146204600F0EAF8F8
:107B600000F06DFE051EF0D028782C2805D028786E
:107B70007D281BD0B5600020E7E7FFF7C3F8002899
:107B8000E3D0206044600446681C00F058FE0146C3
:107B9000204600F00FF800F052FE0028D5D02169F1
:107BA0002162276101783A29D3D0D0E7681CCCE75D
:107BB000340100202DE9F0470C460646481C227887
:107BC00000215A4B222A07D000209C60BDE8F08794
:107BD000401C5C2A00D1401C0278222A02D00AB143
:107BE000491CF5D1481C19688847051EEED0601C59
:107BF0002C464FF4806788E05C2903D004F8011B11
:107C0000401C82E000F101084078722814D006DCA4
:107C1000622809D0662809D06E2808D10AE07428A5
:107C20000CD0752803D10BE0082000E00C2004F8EC
:107C3000010B68E00A20FAE70D20F8E70920F6E7D3
:107C400008F10100FFF73CFE8146A0F55C4008F119
:107C50000408B84257D3B9F1000F54D0A9F55840E1
:107C6000B84217D298F801005C284CD198F802006D
:107C7000752848D108F10300FFF722FEA0F55C410A
:107C800008F10608B9423ED2C9F3090161F39F2009
:107C900000F580390420B9F1800F02D20120641C64
:107CA0002AE0B9F5006F02D20220A41C06E0B9F563
:107CB000803F02D20320E41C0EE0241D022813D0D2
:107CC000032809D004281DD109F0BF0141F080012B
:107CD00004F8011D4FEA991909F0BF0141F0800134
:107CE00004F8011D4FEA991909F0BF0141F0800124
:107CF00004F8011D4FEA99190D49095C41EA09018F
:107D000004F8011D044408F101000178222902D081
:107D100000297FF471AF002121700178222900D160
:107D2000401C0421C6E9031550E70000340100207F
:107D30009497000870B50C00054620D0042223A1BA
:107D40002046F8F772FBE0B1052222A12046F8F7A1
:107D50006CFBC8B1042221A12046F8F766FBB8B13C
:107D60002078222819D02D2803D0A0F1300109292C
:107D700019D821462846BDE87040FFF7F5BD002020
:107D800070BD0220E86006E00020E860601D70BD64
:107D90000120E8606861201D70BD21462846BDE8CD
:107DA0007040FFF707BF5B2804D07B2808D00D4840
:107DB0008460E4E721462846BDE87040FFF744BDF3
:107DC00021462846BDE87040FFF798BE6E756C6C82
:107DD0000000000066616C736500000074727565D8
:107DE00000000000340100200EB52A4C00250827B1
:107DF000667ACDE900750295207E0C230838C1B261
:107E0000254A3046FEF7E2FF207E08230838C1B23B
:107E10000C223046FFF7D2F8A079B8B3CDE900754F
:107E20000295207E1C4A0838C1B20C230C32304621
:107E3000FEF7CCFF207E08230838C1B20C22304662
:107E4000FFF7BCF8A079012802D0022802D003E095
:107E5000F61C00E0F61EF6B2A57160690C38864289
:107E600000D9C6B2CDE900750295207E0C230838F2
:107E7000C1B2094A3046FEF7A9FF207E0823083820
:107E8000C1B20C223046FFF799F86672052000F067
:107E90004BFEC1E78C010020A09700082DE9F041BE
:107EA0000E462D492B4D00242DED028BA4460A7859
:107EB0009FED268B05EB820390ED000AD3ED000ABF
:107EC000571CFFB2F5EEC00AF1EE10FA0ED183EDA9
:107ED000000A90ED000A052F86ED000A0F7001D30D
:107EE00081F800C0BDEC028BBDE8F08112B153ED0A
:107EF000010A01E0D5ED040A184A70EE600AF0EEBE
:107F0000E00A10EE900A904206DA83ED000A0F7044
:107F1000052F01D381F800C055F82400F8F772FC52
:107F200053EC182BF8F790FA641C41EC180BE4B2F0
:107F3000052CF1D351EC180B9FED090B53EC102BD2
:107F4000F8F79BFBF8F78AFC3060CBE700000000F5
:107F5000000000003853002060010020CDCCCC3D53
:107F600000000000000014402DE9F041134C0F46C2
:107F70000546E6682068001D00F0A2FC681C07D1D9
:107F800037B12168BDE8F0410D48091D00F0E8BC9B
:107F900020683544B5424560216805D2A06BBDE834
:107FA000F041091D00F0C4BC606B091D00F0C0FC6D
:107FB000A06A854200D2A562BDE8F081B40000202D
:107FC000400900202DE9F041054600F0D5FC2D4C7C
:107FD000A068401CA06020682B4F10B1606930B3CE
:107FE0002BE02560A068012827D1002606EB86003B
:107FF00007EB800000F08EFC761C382EF6D3234869
:1080000000F088FC2148143000F084FC1F48283020
:1080100000F080FC1D483C3000F07CFC1B485030D8
:1080200000F078FC194860631430A06305E0206814
:10803000E96AC06A884200D82560606A401C6062B4
:108040006864E86A2169884200D9206100EB8000F9
:1080500007EB8000291D00F083FC00F0ADFC606997
:1080600000280CD02068E96AC06A884207D2084913
:108070004FF080500860BFF34F8FBFF36F8FBDE8A4
:10808000F0810000B400002090040020F0080020DF
:1080900004ED00E038B500F06FFC104C2068C8B962
:1080A0000F4800F037FC0E48143000F033FC0C4849
:1080B000E060143020610A4B0020F03B009003F197
:1080C000500210210A2000F0C6FE206010B105A168
:1080D00000F0F4FCBDE8384000F06EBCF000002079
:1080E000440A0020546D72510000000030B4026C4C
:1080F0000B46002A0BD0C1681144C1608468A142BC
:1081000001D30168C16030BC1846F8F733B930BC00
:1081100070472DE9F041856B174604460026026C36
:1081200082B1C7B1E068F8F725F9E168206C091A57
:10813000E1602268914202D2A168081AE060022F31
:1081400016D017E02068A8B9A06801F0B1F906467A
:108150000020A0600EE06068F8F70CF9216C606800
:1081600008446060A168884204D32068606001E030
:1081700005B16D1E6D1CA5633046BDE8F08110B5DC
:10818000044690F8590058B101280CD002280FD0AD
:10819000502080F31188BFF34F8FBFF36F8FFEE73E
:1081A000206B00F01DFC2046BDE8104000F018BC1C
:1081B00010BD000010484FF47051420706D0C01D9A
:1081C0000D4920F00700411AC1F570510B4A0023F8
:1081D0000144C2E900030839183A21F0070111608F
:1081E0004B600B600B1AC0E9001393604FF0004026
:1081F00053605061704700002411002020010020CE
:10820000144E154CA6F29C474FF08058DFF84C9066
:1082100012E000BF00F0B0FBF068C568281D00F058
:108220004FFBA068401EA0606068401E606000F0C8
:10823000C3FB2846FFF7A3FF60680028EAD138682F
:108240000128F9D9C9F80080BFF34F8FBFF36F8FB2
:10825000F2E700002C090020B400002004ED00E04B
:1082600070B51D46049C51B1C4F80020C4E90F014B
:108270000121204600F022FE84F84C5070BD24609D
:10828000F4E700002DE9F05F8846DDE90B94154620
:10829000834691009A460A9EA522206BF8F77CF847
:1082A0006FF00301206B01EB8501084420F0070704
:1082B000780707D0502080F31188BFF34F8FBFF3AA
:1082C0006F8FFEE70025B8F1000F0FD05FF00000C0
:1082D000221818F8001082F8341018F8001011B1A4
:1082E000401C1028F4D384F8435001E084F8345043
:1082F000382E00D33726E662C4E91365201D00F04E
:1083000014FB04F1180000F010FB2461C6F13800E2
:108310006462A061656584F85850524659463846F3
:1083200000F05AFA2060B9F1000F01D0C9F80040FE
:10833000BDE8F09F30B5114900E011460A6882425D
:10834000FBD34B685C18844203D1406818444860F2
:10835000084643681C18944209D1084C183C24680C
:10836000A24209D052681A4442600A681268026048
:10837000814200D0086030BD0460F9E72001002090
:1083800070B5002441600B4D0061914206D8D11AAE
:108390008269914206D2011D286907E09A4203D200
:1083A000994201D3012403E0011DE86800F0C0FAFE
:1083B000204670BDF000002010B5044600F0DCFA45
:1083C000A06B28B15FF0000400F0F6FA204610BD63
:1083D0000124F9E730B589B03C4D6EE004980028DF
:1083E00006DADDE90601059A90470498002864DB67
:1083F000069C606910B1201D00F062FA03A800F02D
:10840000D7F8024604980A2857D2DFE800F005059D
:10841000052D334A05052D3394F8280040F001005E
:1084200084F828000599A069059B01442046FFF7C0
:10843000A7FF68B3216A2046884794F828004007C0
:108440003BD5002000900598A169002342181946E9
:10845000204601F037F9D8B9502080F31188BFF3D6
:108460004F8FBFF36F8FFEE714F8280F20F0010045
:10847000207022E094F8280040F0010084F82800E1
:108480000598A06128B1811813462046FFF778FFB0
:1084900013E0502080F31188BFF34F8FBFF36F8F2D
:1084A000FEE794F82800810703D4204600F098FAEC
:1084B00003E020F0010084F82800002204A92868C5
:1084C00000F050FE002889D109B030BDF000002036
:1084D0002DE9FC410F46054600F0D2FB01A800F053
:1084E00067F80446019818B101F05AF8BDE8FC811C
:1084F000254EAFB130690068D0B30027291B3A463A
:10850000306800F0EFFA01F04BF80028EED11F4977
:108510004FF080500860BFF34F8FBFF36F8FE5E7D8
:10852000A542EBD801F03CF8F0682746C068C46863
:10853000201D00F0C5F994F82800410719D5A0695D
:108540002B4641193A462046FFF71AFFA8B10020F2
:108550000346014600902A46204601F0B3F860B970
:10856000502080F31188BFF34F8FBFF36F8FFEE76A
:1085700007E020F0010084F82800216A204688479F
:10858000B4E70127BAE70000F000002004ED00E0A6
:108590000648416B096829B1416BC968C9684968D7
:1085A000816270474FF0FF31FAE70000B40000200D
:1085B00070B5054600F012FF064E0446B0688442CE
:1085C00003D200F009F8012000E0002028602046D6
:1085D000B46070BDF0000020F8B5194D20E0C0680F
:1085E000C4680668201D00F06BF9216A20468847A0
:1085F00094F82800400713D5A0693044B04206D94A
:1086000024616060211DE86800F092F908E0002014
:108610000346014600903246204601F053F838B137
:10862000E86801680029DAD12969C5E90310F8BDB5
:10863000502080F31188BFF34F8FBFF36F8FFEE799
:10864000F000002008484068401C4FF0500080F3C4
:10865000118804D0BFF34F8FBFF36F8FFEE7BFF3D6
:108660004F8FBFF36F8FFEE728010020074CE068B3
:10867000016841B1C0680021D0F80000FFF728FF71
:10868000FFF7A8FEF3E701210020F7E7F000002044
:108690002DE9F041044600F06FF994F9455004F1DA
:1086A000240609E0606A48B1304600F041FF08B195
:1086B00000F068FA6D1E6DB2002DF3DC4FF0FF364E
:1086C00084F8456000F078F900F056F994F94450C8
:1086D00004F1100709E0206948B1384600F028FF8E
:1086E00008B100F04FFA6D1E6DB2002DF3DC84F876
:1086F0004460BDE8F04100F05FB900002DE9F041B1
:108700000546002700F0BCFA324E306808B9FFF782
:1087100051FD706905424ED1C5B3083568070ED0CA
:1087200005F00700C0F108000544680707D0502095
:1087300080F31188BFF34F8FBFF36F8FFEE72DB328
:108740007068854237D82348183001460C6801E02C
:1087500020460C466168A94202D221680029F7D15F
:1087600031688C4227D0076821680160606808374B
:10877000411B10290FD96019420708D0502080F3FF
:108780001188BFF34F8FBFF36F8FFEE713E0416097
:108790006560FFF7CFFD61687068401A7060B2686D
:1087A000904200D2B060706901430020C4E900012A
:1087B000F068401CF06000F0F3FE780707D050200E
:1087C00080F31188BFF34F8FBFF36F8FFEE73846FA
:1087D000BDE8F0810801002010B5031F4FF0807440
:1087E0001C601B1F21F001011960191F044B0B6055
:1087F00014390A60091F6FF0020244380A6010BD84
:10880000458600080078002901D0C043C0B27047F7
:1088100010B5044CD208A46802FB0411425C1A4350
:10882000425410BD7801002010B501249C40641E04
:1088300021409440A04391400143C8B210BD00E0E4
:10884000401C002804D00178002901D02029F7D944
:10885000704700B52DED048B83B041EC190BF8F790
:1088600035F941EC180B18EE100A18EE901A8DED40
:10887000008B002818BF0120084320F00040C0F101
:108880007F6000F1E040C00F14D019EE101A19EE0D
:10889000900A8DED009B002918BF0121084320F0AC
:1088A0000040C0F17F6000F1E040C00F04BF012034
:1088B000FDF75AFD51EC180B03B0BDEC048B00BD65
:1088C000D0E9013201699A60D0E901235A604A680F
:1088D000824201D182684A60002202610868401E1B
:1088E0000860086870470000034B036003F15C00F8
:1088F00008608020106070476C0A0020044B036001
:1089000003F15C0008604FF4807010607047000055
:10891000C80C002000F108014FF0FF32C0E901123D
:10892000C160016100210160704700210161704751
:1089300030B50B685A1C02D000F1080202E002694F
:1089400004E02246546825689D42FAD953684B607A
:1089500099608A60516008610168491C016030BDFE
:1089600042684A6093688B609368596091600861BF
:108970000168491C01607047502080F31188BFF3E3
:108980004F8FBFF36F8F0A494868401C4860012829
:108990000CD10848006810F0FF0F07D0502080F37A
:1089A0001188BFF34F8FBFF36F8FFEE77047000052
:1089B0002801002004ED00E00849486828B1401E65
:1089C000486001D180F311887047502080F31188EE
:1089D000BFF34F8FBFF36F8FFEE700002801002029
:1089E00070B500282AD0164DA0F1080460686969A6
:1089F000084207D1502080F31188BFF34F8FBFF397
:108A00006F8FFEE722683AB1502080F31188BFF3E0
:108A10004F8FBFF36F8FFEE78843606000F030F93F
:108A200060686968084468602046FFF783FC28692D
:108A3000401C2861BDE8704000F0B2BD70BD000070
:108A4000080100204FF0E02000210161816105490B
:108A50004FF47A720968B1FBF2F1491E41610721B6
:108A600001617047B000002010B5F7F7F3FB114922
:108A700010280ED300F1E02090F8F0030A7890421D
:108A800007D2502080F31188BFF34F8FBFF36F8F51
:108A9000FEE709480068896800F4E060884207D969
:108AA000502080F31188BFF34F8FBFF36F8FFEE725
:108AB00010BD0000280100200CED00E010B5084BAF
:108AC000002200BF53F832401CB1521C082AF9D3CF
:108AD00010BD43F8321003EBC201486010BD000026
:108AE0005004002070B515460E460446FFF744FFBB
:108AF00094F944100020491C01D184F8440094F9F1
:108B00004510491C01D184F84500FFF755FFA06BC3
:108B100028B92A46314604F1240000F051F82046D5
:108B2000BDE87040FFF7B4BD10B5020014D00F4887
:108B3000006B38B1502080F31188BFF34F8FBFF323
:108B40006F8FFEE700F09CF800211046FFF70CFA4B
:108B500000F026FD002807D105494FF0805008603D
:108B6000BFF34F8FBFF36F8F10BD0000B400002024
:108B700004ED00E002490A6A0260C968416070477A
:108B8000B400002001490120C8617047B4000020F2
:108B900010B50C4650B1094909681831FFF7C8FEF5
:108BA0002046BDE810400121FFF7DEB9502080F3D8
:108BB0001188BFF34F8FBFF36F8FFEE7B400002023
:108BC00070B514460D4668B10A4909681831FFF7B7
:108BD000C7FE0CB14FF0FF3521462846BDE8704076
:108BE000FFF7C2B9502080F31188BFF34F8FBFF356
:108BF0006F8FFEE7B400002030B587B000240394E7
:108C000005AA04A903A80494FFF76EFEDDE9030199
:108C10000094CDE90110002315A11748059A00F032
:108C2000A4FB164D0028E8621FD000F01BFD0128B0
:108C300009D0401C19D1502080F31188BFF34F8F09
:108C4000BFF36F8FFEE7502080F31188BFF34F8F83
:108C5000BFF36F8F4FF0FF30A86201206861EC60B6
:108C600007B0BDE8304000F045B807B030BD0000A7
:108C700049444C450000000001820008B400002077
:108C80000248016B491C016370470000B4000020DA
:108C9000164810B5016B11B10121C16110BD002151
:108CA000C1610169124A01E0B9B1491E01EB8103BA
:108CB00052F82330002BF7D001EB810302EB830243
:108CC00002F1080453685B685360A34201D15B68FA
:108CD0005360DA680260016110BD502080F3118892
:108CE000BFF34F8FBFF36F8FFEE70000B40000208B
:108CF000900400201CB537480168374A914207D1DB
:108D0000502080F31188BFF34F8FBFF36F8FFEE7C2
:108D100000683149491E884207D1502080F31188EC
:108D2000BFF34F8FBFF36F8FFEE72C490878019098
:108D3000FF20087008788DF800009DF800009DF86D
:108D4000002000F0F000904207D0502080F31188FE
:108D5000BFF34F8FBFF36F8FFEE79DF80000204CED
:108D600000F0500020700720A06005E09DF8002072
:108D700052008DF80020401E9DF800201206F5D408
:108D8000A060032807D0502080F31188BFF34F8FD5
:108D9000BFF36F8FFEE74FF44070A060019808703A
:108DA0000C482030016841F470010160016841F015
:108DB00070410160FFF746FE00206060F7F712FA8D
:108DC0000848016841F040410160F7F7F7F90020D9
:108DD0001CBD000000ED00E071C20F4100E400E0A6
:108DE0002801002034EF00E010B5502080F31188F6
:108DF000BFF34F8FBFF36F8F00F0F6FA18B104493D
:108E00004FF080500860002080F3118810BD0000F2
:108E100004ED00E0F8B517460E46050013D005FB3B
:108E200006F05030FFF76AFC04000AD0002084F8F6
:108E3000460004F150023B46314628460094FFF7B5
:108E40000FFA2046F8BD502080F31188BFF34F8FF2
:108E5000BFF36F8FFEE738B5049D18B153B1CAB1A7
:108E600081B120E0502080F31188BFF34F8FBFF312
:108E70006F8FFEE7502080F31188BFF34F8FBFF351
:108E80006F8FFEE7502080F31188BFF34F8FBFF341
:108E90006F8FFEE739B1502080F31188BFF34F8FF9
:108EA000BFF36F8FFEE750241C46012384F8463041
:108EB0002B460094FFF7D4F9204638BD70B50D4617
:108EC000040025D0FFF758FDD4E90F20216802FBEC
:108ED0000011A1600021A163216861600A46D4E904
:108EE0000F01401E00FB0121E16021464FF0FF30E1
:108EF00001F8440F487004F110008DB1FFF70AFD2E
:108F000004F12400FFF706FDFFF756FD012070BDB8
:108F1000502080F31188BFF34F8FBFF36F8FFEE7B0
:108F200021690029F0D000F003FB0028ECD00449AF
:108F30004FF080500860BFF34F8FBFF36F8FE3E7B0
:108F400004ED00E02DE9FF4782B01D468A464FF050
:108F50000008040003D0BAF1000F08D011E050203F
:108F600080F31188BFF34F8FBFF36F8FFEE7206C44
:108F700038B1502080F31188BFF34F8FBFF36F8F4C
:108F8000FEE7022D0AD1E06B012807D0502080F3C4
:108F90001188BFF34F8FBFF36F8FFEE700F010FA19
:108FA0003F4F4FF000094FF0805648B9049838B150
:108FB000502080F31188BFF34F8FBFF36F8FFEE710
:108FC000FFF7DAFCA06BE16B884207D3022D05D0D6
:108FD0000498D0B1B8F1000F1AD01EE02A465146CD
:108FE0002046FFF796F8616A19B104F1240000F0F9
:108FF0009FFA20B13E60BFF34F8FBFF36F8FFFF733
:10900000DBFC012006B0BDE8F087FFF7D5FC22E0CD
:109010006846FFF7AFFD4FF00108FFF7CDFCFFF703
:109020002FFEFFF7A9FC94F94400401C01D184F8FD
:10903000449094F94500401C01D184F84590FFF715
:10904000BBFC04A9684600F029F930B12046FFF7BF
:109050001FFB00F0A5FA0020D4E7FFF78DFCA06B02
:10906000E16B884213D1FFF7A7FC04F110000499CB
:10907000FFF78EFD2046FFF70BFB00F091FA00286A
:109080009ED13E60BFF34F8FBFF36F8F98E7FFF71E
:1090900093FC2046FFF7FCFA00F082FA90E700000C
:1090A00004ED00E02DE9F0471F4690468946040094
:1090B00003D0B9F1000F08D011E0502080F31188DF
:1090C000BFF34F8FBFF36F8FFEE7206C38B1502096
:1090D00080F31188BFF34F8FBFF36F8FFEE7022F2E
:1090E0000AD1E06B012807D0502080F31188BFF32C
:1090F0004F8FBFF36F8FFEE7FFF7B6FC5020EFF303
:10910000118680F31188BFF34F8FBFF36F8FA06B71
:10911000E16B884206D3022F04D0002086F3118829
:10912000BDE8F08794F94550A06B3A464946204681
:10913000FEF7EFFF681C04D06D1C84F84550012039
:10914000ECE7606A0028FAD004F1240000F0F0F99E
:109150000028F4D0B8F1000FF1D00121C8F80010B8
:10916000EDE700002DE9F747002683B08A460400AA
:1091700003D0BAF1000F08D011E0502080F311881D
:10918000BFF34F8FBFF36F8FFEE7206C38B15020D5
:1091900080F31188BFF34F8FBFF36F8FFEE700F0AE
:1091A0000FF9DFF8F4804FF000094FF0805748B90D
:1091B000059838B1502080F31188BFF34F8FBFF36B
:1091C0006F8FFEE7FFF7D8FBA56BC5B15146204670
:1091D000FEF78CFF6D1EA563206950B104F11000ED
:1091E00000F0A6F928B1C8F80070BFF34F8FBFF3A5
:1091F0006F8FFFF7E1FB012006B0BDE8F08705980F
:1092000008B11EB106E0FFF7D7FB27E06846FFF77D
:10921000B1FC0126FFF7D0FBFFF732FDFFF7ACFBF7
:1092200094F94400401C01D184F8449094F945001D
:10923000401C01D184F84590FFF7BEFB05A96846A4
:1092400000F02CF8002820460AD0FFF721FA00F0A1
:10925000A7F92046FFF7B0F80028B3D00020CBE7ED
:10926000FFF7AAF890B104F124000599FFF790FCEC
:109270002046FFF70DFA00F093F90028A2D1C8F8B4
:109280000070BFF34F8FBFF36F8F9BE72046FFF750
:10929000FFF900F085F995E704ED00E02DE9F041D4
:1092A0000C46050011D0C4B1FFF766FB174BDA6816
:1092B0006E682068911B471C17D02F681B6A9F425D
:1092C00019D0964217D8012410E0502080F311885D
:1092D000BFF34F8FBFF36F8FFEE7502080F31188ED
:1092E000BFF34F8FBFF36F8FFEE70024FFF764FBE0
:1092F0002046BDE8F081884205D9401A2060284602
:10930000FFF738FCF1E700202060DCE7B400002024
:109310002DE9FF5F8346DDE90E87994616468A46AA
:109320009000FFF7EBF905001CD05C20FFF7E6F991
:10933000040014D00020256384F85900CDE90240D0
:10934000CDE900874B46324651465846FEF79AFF14
:109350002046FEF737FE012004B0BDE8F09F284606
:10936000FFF73EFB4FF0FF30F6E7F0B585B0DDE9E3
:109370000B640A9DA6B1DCB15C2700972663022628
:1093800084F85960002604AFCDE90246CDE90057C4
:10939000FEF778FF2046FEF715FE049805B0F0BDF5
:1093A000502080F31188BFF34F8FBFF36F8FFEE71C
:1093B000502080F31188BFF34F8FBFF36F8FFEE70C
:1093C0000548416919B1006B18B1002070470120B0
:1093D0007047022070470000B40000200148C068B8
:1093E00070470000B40000202DE9F0412E4C00270A
:1093F000206B28B1A069401CA0613846BDE8F0810F
:10940000E668761CE66013D1606B006838B15020C6
:1094100080F31188BFF34F8FBFF36F8FFEE7606B50
:10942000A16B6163A063206A401C2062FFF7B0F863
:10943000A06ADFF87880864209D3606B0068A0B12B
:10944000606BC068C5686868864211D2A0622068F7
:10945000C06A00EB800158F82100012800D90127DB
:10946000E0690028C9D00127C7E74FF0FF30EDE7DA
:10947000281DFFF725FAA86A18B105F11800FFF7B3
:109480001FFAE86A2169884200D9206100EB800157
:1094900008EB8100291DFFF763FAE86A2168C96AB1
:1094A0008842CAD30127C8E7B400002090040020F6
:1094B00070B504004FF0000133D01B4D2868844282
:1094C00007D0502080F31188BFF34F8FBFF36F8F09
:1094D000FEE7206D38B1401E2065E36CE26A9A42D7
:1094E0001FD040B11DE0502080F31188BFF34F8F93
:1094F000BFF36F8FFEE7201DFFF7E2F9E06CE0623B
:10950000C0F13800A061E06A2969884200D9286169
:10951000064900EB800001EB8000211DFFF720FAD7
:109520000121084670BD0000B40000209004002016
:1095300070B5C068C46854B104F118000646FFF75E
:10954000BFF9144D286B50B13146134815E0502037
:1095500080F31188BFF34F8FBFF36F8FFEE7201D9D
:10956000FFF7AEF9E06A2969884200D928610B4902
:1095700000EB800001EB8000211DFFF7F1F9E06AAC
:109580002968C96A884202D90120E86170BD0020BB
:1095900070BD0000B40000201809002090040020D5
:1095A0002DE9F0472C4D00242746286B38B1FFF7F2
:1095B000E3F9286B401E2863286B40B146E0502039
:1095C00080F31188BFF34F8FBFF36F8FFEE7A96859
:1095D000224E0120D1B3A6F5916980463068E0B1F2
:1095E000F068C46804F11800FFF76AF9201DFFF75E
:1095F00067F9E06A2969884200D9286100EB800197
:1096000009EB8100211DFFF7ABF9E06A2968C96AFF
:109610008842E3D3C5F81C80E0E70CB1FEF7B8FF41
:10962000AC694CB14FEA0806FFF7DEFE00B1EE610F
:10963000641EF9D10020A861E86938B10849012702
:1096400038070860BFF34F8FBFF36F8FFFF7B4F990
:109650003846BDE8F0870000B4000020180900205B
:1096600004ED00E010B586B0FEF714FD114C206843
:10967000B8B100200390049005AA04A903A8FFF73D
:109680003DF9DDE9032102208DE8070000230AA14E
:109690000B48059AFFF769FE606010B106B0012023
:1096A00010BD502080F31188BFF34F8FBFF36F8F31
:1096B000FEE70000F0000020546D72205376630036
:1096C0006D8600082DE9FF411E46134602000A9DE3
:1096D0004FF0000016D0144C2768002F0FD0CDE9B2
:1096E00000130292062917DAFFF76AFE02284FF0EC
:1096F00000030FD0002269462068FFF723FC04B066
:10970000BDE8F081502080F31188BFF34F8FBFF385
:109710006F8FFEE72A46EEE7002332466946384659
:10972000FFF7C0FCEBE70000F00000202473797322
:109730002F6E45344841724B334E332F50656E6166
:109740002F7468696E672F70726F70657274792FED
:10975000706F737400000000309A00080000000071
:1097600000000000000000000000000000020000F7
:1097700018000000000000000000000000000000D1
:1097800000000000010203040607080900000000B1
:10979000010203040000C0E0F0F8FC030307070720
:1097A0006070501030F0F030105070600000000019
:1097B00000000000000000000000000000005F004A
:1097C00000000007000700147F147F14242A7F2A5A
:1097D0001223130864623649552250000503000025
:1097E0001C2241000041221C0000082A1C2A0808F3
:1097F000083E0808A060000000080808080860602B
:1098000000000020100804023E5149453E00427FFE
:109810004000625149494622414949361814127F95
:109820001027454545393C4A49493001710905032E
:109830003649494936064949291E00363600000096
:10984000AC6C0000081422410014141414144122BA
:109850001408000201510906324979413E7E090986
:10986000097E7F494949363E414141227F4141229B
:109870001C7F494949417F090909013E4141517213
:109880007F0808087F417F4100002040413F017F61
:10989000081422417F404040407F020C027F7F0439
:1098A00008107F3E4141413E7F090909063E415172
:1098B000215E7F09192946264949493201017F0164
:1098C000013F4040403F1F2040201F3F4038403F65
:1098D0006314081463030478040361514945437F0A
:1098E00041410000020408102041417F00000402B1
:1098F0000102048080808080010204000020545412
:1099000054787F4844443838444428003844444814
:109910007F3854545418087E09020018A4A4A47C6B
:109920007F08040478007D00000080847D00007FB3
:1099300010284400417F4000007C041804787C0813
:10994000047C003844443800FC24241800182424E3
:10995000FC00007C0804004854542400047F4400A8
:10996000003C40407C001C2040201C3C4030403CDF
:1099700044281028441CA0A07C004464544C440893
:1099800036410000007F000000413608000002015F
:10999000010201020505020060C0F0381C00000051
:1099A000000000000000F03F000000000000F83F51
:1099B00000000000000000000000004003B8E23F8B
:1099C000000000000000000006D0CF43EBFD4C3E3D
:1099D000033333333333E33FFFAB6FDBB66DDB3F32
:1099E0004D268F515555D53F01411DA96074D13F7A
:1099F00065DBC9934A86CD3FEF4E454A287ECA3F74
:109A00003E5555555555C53F93BDBE166CC166BFF5
:109A10002CDE25AF6A56113FF16BD2C541BDBBBEEE
:109A2000D0A4BE726937663E00000000000000004E
:109A300064656661756C745461736B00247379732B
:109A40002F6E45344841724B334E332F50656E6153
:109A50002F7468696E672F70726F70657274792FDA
:109A6000736574007B226964223A22313233222CDE
:109A700022706172616D73223A7B2274656D705F32
:109A8000666C6F6174223A7B2276616C7565223A4E
:109A9000252E31667D2C2251697961223A7B22760E
:109AA000616C7565223A252E31667D2C22536869DA
:109AB0004475223A7B2276616C7565223A25647D75
:109AC0007D7D000076657273696F6E3D323031388E
:109AD0002D31302D3331267265733D70726F647590
:109AE0006374732532466E45344841724B334E33AE
:109AF0002532466465766963657325324650656E26
:109B0000612665743D31383933343935343239267C
:109B10006D6574686F643D6D6435267369676E3D6D
:109B20007747766654376A734A3325324634766B04
:109B30006A53666A46635251253344253344000014
:109B4000609B000800000020D40100006E0B00089C
:109B5000989B0008D4010020BC59000058630008FD
:109B6000011505253C9A0008026801420192100384
:109B70007A24F455AAAAAAAA0939F5760008D17060
:109B80000008021B230324FF010B17112233445545
:089B9000221122116600000001
:040000050800018965
:00000001FF
